Report_Num,Year,Occur_Date,Weekday,Location,Neighborho,Latitude,Longitude,GEOID,NAME
200011773,2020,1/1/2020,Wednesday,3004 PIEDMONT RD.,Garden Hills,33.83665,-84.36838,13121,Fulton
200011603,2020,1/1/2020,Wednesday,2841 GREENBRIAR PKWY SW @GREENBRIAR MALL,Greenbriar,33.68845,-84.49328,13121,Fulton
200031931,2020,1/3/2020,Friday,1120 MORELAND DR SE,Custer/McDonough/Guice,33.7092,-84.3539,13121,Fulton
200030052,2020,1/3/2020,Friday,2 KIMBALL WAY SE,Downtown,33.75349,-84.38854,13121,Fulton
200030050,2020,1/3/2020,Friday,464 BISHOP ST NW,Loring Heights,33.79291,-84.40267,13121,Fulton
200030188,2020,1/3/2020,Friday,2280  CAMPBELLTON ROAD,Campbellton Road,33.70413,-84.46269,13121,Fulton
200041063,2020,1/4/2020,Saturday,855 E PACES FERRY RD NE,Lenox,33.84669,-84.35618,13121,Fulton
200042468,2020,1/4/2020,Saturday,1080 PEACHTREE ST NE,Midtown,33.78409,-84.38353,13121,Fulton
200042163,2020,1/4/2020,Saturday,2455 ANTWERP DR SE,Browns Mill Park,33.68745,-84.38551,13121,Fulton
200040282,2020,1/4/2020,Saturday,178 MOURY AVE SW,The Villages at Carver,33.71347,-84.39079,13121,Fulton
200050313,2020,1/5/2020,Sunday,700 GARIBALDI ST SW,Mechanicsville,33.73581,-84.3989,13121,Fulton
200060054,2020,1/5/2020,Sunday,204 WALKER STREET,Castleberry Hill,33.74816,-84.40298,13121,Fulton
200050875,2020,1/5/2020,Sunday,950 MARIETTA ST NW,Marietta Street Artery,33.77682,-84.40822,13121,Fulton
200050580,2020,1/5/2020,Sunday,1732 WESTHAVEN DR SW,Cascade Avenue/Road,33.73235,-84.44454,13121,Fulton
200062118,2020,1/6/2020,Monday,565 BROADVIEW PL NE,Lindbergh/Morosgo,33.82176,-84.36492,13121,Fulton
200061319,2020,1/6/2020,Monday,240 PEACHTREE ST NE,Downtown,33.76056,-84.38835,13121,Fulton
200060078,2020,1/6/2020,Monday,608 14TH ST NW,Home Park,33.78578,-84.40707,13121,Fulton
200072380,2020,1/7/2020,Tuesday,132 10TH ST NE,Midtown,33.78222,-84.3829,13121,Fulton
200071357,2020,1/7/2020,Tuesday,1117 LEE ST SW,Oakland City,33.72459,-84.42107,13121,Fulton
200080135,2020,1/8/2020,Wednesday,2595 MARTIN L KING JR DR NW,Harland Terrace,33.75383,-84.4725,13121,Fulton
200090344,2020,1/9/2020,Thursday,2138 RACHEL ST,Norwood Manor,33.69574,-84.36092,13121,Fulton
200092047,2020,1/9/2020,Thursday,2875 3RD AVE SW,Hammond Park,33.67657,-84.40405,13121,Fulton
200100057,2020,1/10/2020,Friday,433 HIGHLAND AVE NE,Old Fourth Ward,33.76128,-84.37323,13121,Fulton
200120304,2020,1/12/2020,Sunday,1695 PRYOR RD SW,Betmar LaVilla,33.70894,-84.39374,13121,Fulton
200121858,2020,1/12/2020,Sunday,844 MARTIN L KING JR DR SW,Atlanta University Center,33.75461,-84.41555,13121,Fulton
200131291,2020,1/13/2020,Monday,241 PEACHTREE ST NE,Downtown,33.76073,-84.38745,13121,Fulton
200131273,2020,1/13/2020,Monday,835 MARTIN L KING JR DR NW,Vine City,33.75504,-84.41457,13121,Fulton
200142288,2020,1/14/2020,Tuesday,3521 NORTHSIDE DR NW,Tuxedo Park,33.85069,-84.40639,13121,Fulton
200141625,2020,1/14/2020,Tuesday,530 17TH ST NW,Loring Heights,33.79151,-84.40684,13121,Fulton
200141220,2020,1/14/2020,Tuesday,3221 MARTIN L KING JR DR NW,,33.75284,-84.49256,13121,Fulton
200150134,2020,1/15/2020,Wednesday,855 PEACHTREE ST NE,Midtown,33.77798,-84.38389,13121,Fulton
200151180,2020,1/15/2020,Wednesday,219 VINE ST NW,Vine City,33.76059,-84.40767,13121,Fulton
200150567,2020,1/15/2020,Wednesday,1278 LOCKWOOD DR SW,Venetian Hills,33.72028,-84.43851,13121,Fulton
200161294,2020,1/16/2020,Thursday,1043 SPARKS ST SW,Oakland City,33.72736,-84.42159,13121,Fulton
200171760,2020,1/17/2020,Friday,2520 JONESBORO RD SE,Leila Valley,33.68463,-84.36481,13121,Fulton
200172092,2020,1/17/2020,Friday,1829 CAMPBELLTON RD SW @VENETIAN HILLS APTS,Venetian Hills,33.71075,-84.44765,13121,Fulton
200181923,2020,1/18/2020,Saturday,1211 MORELAND AVE SE,Woodland Hills,33.72154,-84.3498,13121,Fulton
200181963,2020,1/18/2020,Saturday,3393 LENOX RD NE,Lenox,33.84676,-84.36212,13121,Fulton
200182245,2020,1/18/2020,Saturday,2520 JONESBORO RD SE,Leila Valley,33.68463,-84.36481,13121,Fulton
200191534,2020,1/18/2020,Saturday,3223 CAINS HILL PL NW,South Tuxedo Park,33.84251,-84.38044,13121,Fulton
200180594,2020,1/18/2020,Saturday,220 MARIETTA ST NW,Downtown,33.75922,-84.395,13121,Fulton
200180659,2020,1/18/2020,Saturday,270 17TH ST NW,Atlantic Station,33.79072,-84.39776,13121,Fulton
200180372,2020,1/18/2020,Saturday,935 WASHINGTON PL SW,Ashview Heights,33.75382,-84.41824,13121,Fulton
200191881,2020,1/19/2020,Sunday,178 MOURY AVE SW,The Villages at Carver,33.71347,-84.39079,13121,Fulton
200191079,2020,1/19/2020,Sunday,726 LEXINGTON AVE SW,Adair Park,33.72378,-84.41169,13121,Fulton
200191560,2020,1/19/2020,Sunday,2007 LOIS PL NW,Grove Park,33.78458,-84.45355,13121,Fulton
200200297,2020,1/20/2020,Monday,2098 CAMPBELLTON RD SW,Campbellton Road,33.70645,-84.45715,13121,Fulton
200211771,2020,1/21/2020,Tuesday,925 CANTERBURY RD NE,Pine Hills,33.8278,-84.3563,13121,Fulton
200211003,2020,1/21/2020,Tuesday,240 PEACHTREE ST NW @WELLS FARGO BANK,Downtown,33.76056,-84.38835,13121,Fulton
200210006,2020,1/21/2020,Tuesday,1751 CAMPBELLTON RD SW,Venetian Hills,33.71167,-84.44491,13121,Fulton
200222050,2020,1/22/2020,Wednesday,1294 DONNELLY AVE SW,West End,33.73453,-84.43003,13121,Fulton
200230334,2020,1/23/2020,Thursday,3012 JONESBORO RD SE,South River Gardens,33.67225,-84.37156,13121,Fulton
200242073,2020,1/24/2020,Friday,1131 GLENWOOD AVE SE,Ormewood Park,33.74019,-84.35012,13121,Fulton
200241630,2020,1/24/2020,Friday,609 VIRGINIA AVE NE @TROLLEY SQUARE,Virginia Highland,33.7813,-84.36584,13121,Fulton
200242255,2020,1/24/2020,Friday,384 14TH ST NW,Home Park,33.7861,-84.39993,13121,Fulton
200261790,2020,1/26/2020,Sunday,3671 SOUTHSIDE INDUSTRIAL PKWY SE @FIRE STATION 34,Blair Villa/Poole Creek,33.65449,-84.37443,13121,Fulton
200260574,2020,1/26/2020,Sunday,360 EDGEWOOD AVE NE,Sweet Auburn,33.75454,-84.37601,13121,Fulton
200272051,2020,1/27/2020,Monday,CAMPBELLTON RD SW / MYRTLE DR SW,Campbellton Road,33.70421,-84.45525,13121,Fulton
200280954,2020,1/28/2020,Tuesday,3393 PEACHTREE RD NE @LENOX MALL,Lenox,33.84676,-84.36212,13121,Fulton
200290037,2020,1/29/2020,Wednesday,16 PEACHTREE AVE NE,Garden Hills,33.8349,-84.38164,13121,Fulton
200291959,2020,1/29/2020,Wednesday,225 JAMES P BRAWLEY BLVD NW,Vine City,33.76073,-84.41253,13121,Fulton
200290758,2020,1/29/2020,Wednesday,2050 CAMPBELLTON RD SW,Campbellton Road,33.70657,-84.45684,13121,Fulton
200302580,2020,1/30/2020,Thursday,215 PIEDMONT AVE NE,Downtown,33.76035,-84.38127,13121,Fulton
200300459,2020,1/30/2020,Thursday,1150 ASTOR AVE SW,Sylvan Hills,33.70137,-84.42678,13121,Fulton
200312226,2020,1/31/2020,Friday,1395 MORELAND AVE SE,Custer/McDonough/Guice,33.71645,-84.34999,13121,Fulton
200312510,2020,1/31/2020,Friday,170 BOULEVARD SE @FULTON COTTON MILL,Cabbagetown,33.75064,-84.36992,13121,Fulton
200312331,2020,1/31/2020,Friday,828 W PEACHTREE ST NE,Midtown,33.77773,-84.38718,13121,Fulton
200310583,2020,1/31/2020,Friday,834 HANK AARON DR SE,Summerhill,33.73206,-84.38764,13121,Fulton
200310074,2020,1/31/2020,Friday,1370 HOWELL MILL RD NW @GENERAL REPAIR FACIL,Berkeley Park,33.79035,-84.41181,13121,Fulton
200312072,2020,1/31/2020,Friday,2524 MARTIN L KING JR DR SW,Harland Terrace,33.75285,-84.47033,13121,Fulton
200311658,2020,1/31/2020,Friday,3390 FAIRBURN RD SW,Ben Hill,33.6632,-84.52404,13121,Fulton
200321091,2020,2/1/2020,Saturday,2975 HEADLAND DR SW @BIG LOTS - HEADLAND,Greenbriar,33.69168,-84.4872,13121,Fulton
200331741,2020,2/2/2020,Sunday,1028 MOBILE ST NW,Vine City,33.75504,-84.41457,13121,Fulton
200350227,2020,2/3/2020,Monday,1371 KIMBERLY WAY SW,Ashley Courts,33.71775,-84.52379,13121,Fulton
200351941,2020,2/4/2020,Tuesday,60 LUCKIE ST NW,Downtown,33.75635,-84.38915,13121,Fulton
200350663,2020,2/4/2020,Tuesday,3144 MARTIN L KING JR DR SW,,33.75104,-84.4892,13121,Fulton
200362150,2020,2/5/2020,Wednesday,2955 PEACHTREE RD NE,Garden Hills,33.83564,-84.38133,13121,Fulton
200370549,2020,2/6/2020,Thursday,2685 METROPOLITAN PKWY SW,Perkerson,33.68274,-84.40902,13121,Fulton
200372015,2020,2/6/2020,Thursday,3725 PRINCETON LAKES PKWY SW,Princeton Lakes,33.65777,-84.50877,13121,Fulton
200380269,2020,2/7/2020,Friday,1016 HOWELL MILL RD NW,Home Park,33.78257,-84.41167,13121,Fulton
200391866,2020,2/8/2020,Saturday,255 TRINITY AVE SW,Downtown,33.75048,-84.39599,13121,Fulton
200390320,2020,2/8/2020,Saturday,1935 ALISON CT SW,Fort Valley,33.70055,-84.45149,13121,Fulton
200431128,2020,2/12/2020,Wednesday,1236 BARNES ST NW,Home Park,33.78837,-84.39463,13121,Fulton
200432439,2020,2/12/2020,Wednesday,479 JOSEPH E BOONE BLVD NW @GWCC EXXON,English Avenue,33.7638,-84.40349,13121,Fulton
200441666,2020,2/13/2020,Thursday,391 17TH ST NW,Atlantic Station,33.79109,-84.4009,13121,Fulton
200442216,2020,2/13/2020,Thursday,1678 HOWELL MILL RD NW,Underwood Hills,33.79991,-84.41625,13121,Fulton
200452223,2020,2/14/2020,Friday,131 WALKER ST SW,Castleberry Hill,33.75079,-84.40067,13121,Fulton
200450247,2020,2/14/2020,Friday,142 JOSEPH E LOWERY BLVD SW,Atlanta University Center,33.75088,-84.41734,13121,Fulton
200471654,2020,2/16/2020,Sunday,2520 JONESBORO RD SE,Leila Valley,33.68463,-84.36481,13121,Fulton
200471525,2020,2/16/2020,Sunday,1739 MARTIN L KING JR DR NW,Mozley Park,33.75144,-84.44382,13121,Fulton
200471695,2020,2/16/2020,Sunday,71 FAIRFIELD PL NW,Dixie Hills,33.75461,-84.46292,13121,Fulton
200470077,2020,2/16/2020,Sunday,201 PEYTON PL SW,Harland Terrace,33.75132,-84.47677,13121,Fulton
200481391,2020,2/17/2020,Monday,3393 PEACHTREE RD NE @LENOX MALL,Lenox,33.84676,-84.36212,13121,Fulton
200480637,2020,2/17/2020,Monday,1005 HEMPHILL AVE NW,Home Park,33.7822,-84.40438,13121,Fulton
200492475,2020,2/18/2020,Tuesday,2177 SARGENT PL SE,Lakewood,33.69505,-84.37693,13121,Fulton
200491349,2020,2/18/2020,Tuesday,2417 BEECHER RD SW,Cascade Avenue/Road,33.72365,-84.46449,13121,Fulton
200502247,2020,2/19/2020,Wednesday,2331 BOLTON RD NW,Bolton,33.81909,-84.46179,13121,Fulton
200511768,2020,2/20/2020,Thursday,30 MARIETTA ST NW,Downtown,33.75478,-84.39134,13121,Fulton
200520197,2020,2/21/2020,Friday,3380 PEACHTREE RD NE,North Buckhead,33.84969,-84.36617,13121,Fulton
200520137,2020,2/21/2020,Friday,1461 NORTH AVE NW,Grove Park,33.7682,-84.43536,13121,Fulton
200521271,2020,2/21/2020,Friday,1465 CAHABA DR SW,Venetian Hills,33.71545,-84.44969,13121,Fulton
200521506,2020,2/21/2020,Friday,490 FAIRBURN RD SW,Fairburn Mays,33.74107,-84.50997,13121,Fulton
200540871,2020,2/23/2020,Sunday,3090 EARLY ST NW,South Tuxedo Park,33.84051,-84.38057,13121,Fulton
200561086,2020,2/24/2020,Monday,637 PRYOR ST SW,Mechanicsville,33.73743,-84.39469,13121,Fulton
200562129,2020,2/25/2020,Tuesday,350 MORELAND AVE NE,Inman Park,33.76377,-84.3497,13121,Fulton
200570801,2020,2/26/2020,Wednesday,1723 LAKEWOOD AVE SE,Lakewood Heights,33.70678,-84.38031,13121,Fulton
200570303,2020,2/26/2020,Wednesday,245 PRYOR ST SW,Downtown,33.7483,-84.39366,13121,Fulton
200572158,2020,2/26/2020,Wednesday,288 RALPH D ABERNULLTHY BLVD SW,Mechanicsville,33.73659,-84.39743,13121,Fulton
200571856,2020,2/26/2020,Wednesday,784 COLEMAN ST,Pittsburgh,33.73415,-84.40369,13121,Fulton
200581207,2020,2/27/2020,Thursday,241 PEACHTREE ST NE,Downtown,33.76073,-84.38745,13121,Fulton
200581194,2020,2/27/2020,Thursday,230 PEACHTREE ST NW,Downtown,33.76015,-84.38807,13121,Fulton
200582390,2020,2/27/2020,Thursday,879 VICTORIA PL SW,West End,33.7345,-84.41638,13121,Fulton
200582121,2020,2/27/2020,Thursday,2925 HEADLAND DR,Greenbriar,33.69094,-84.48457,13121,Fulton
200592446,2020,2/28/2020,Friday,3285 PEACHTREE RD NE @EMBASSY SUITES,Peachtree Park,33.84441,-84.36862,13121,Fulton
200591362,2020,2/28/2020,Friday,101 JACKSON ST NE,Sweet Auburn,33.75692,-84.37422,13121,Fulton
200600632,2020,2/29/2020,Saturday,2657 BONNYBROOK DR SW,Greenbriar,33.69661,-84.47785,13121,Fulton
200610920,2020,3/1/2020,Sunday,783 ELOISE CT SE,Grant Park,33.73456,-84.36169,13121,Fulton
200610208,2020,3/1/2020,Sunday,1907 PIEDMONT RD NE,Morningside/Lenox Park,33.81004,-84.36571,13121,Fulton
200611670,2020,3/1/2020,Sunday,915 W PEACHTREE ST NE,Midtown,33.77975,-84.38716,13121,Fulton
200611940,2020,3/1/2020,Sunday,1192 PRYOR RD SW,Peoplestown,33.72287,-84.3928,13121,Fulton
200611230,2020,3/1/2020,Sunday,200 TRINITY ST,Downtown,33.75017,-84.39469,13121,Fulton
200621968,2020,3/2/2020,Monday,1390 NORTHSIDE DR NW,Berkeley Park,33.79264,-84.40796,13121,Fulton
200631103,2020,3/3/2020,Tuesday,2754 VINEYARDS DR SE,Rosedale Heights,33.67965,-84.36943,13121,Fulton
200641254,2020,3/4/2020,Wednesday,931 BELTLINE NE,Inman Park,33.76007,-84.36323,13121,Fulton
200651109,2020,3/5/2020,Thursday,1141 EUCLID AVE NE,Inman Park,33.76467,-84.34999,13121,Fulton
200660025,2020,3/6/2020,Friday,445 CLEVELAND AVE SE,Rosedale Heights,33.68149,-84.37152,13121,Fulton
200662436,2020,3/6/2020,Friday,1368 NORTH AVE NW,Grove Park,33.76781,-84.43341,13121,Fulton
200672057,2020,3/7/2020,Saturday,180 RALPH DAVID ABERNULLTHY BLVD,Mechanicsville,33.73656,-84.39376,13121,Fulton
200670506,2020,3/7/2020,Saturday,765 MCDANIEL ST SW,Pittsburgh,33.73396,-84.40177,13121,Fulton
200680453,2020,3/8/2020,Sunday,144 PONCE DE LEON AVE NE,Midtown,33.77282,-84.38211,13121,Fulton
200690334,2020,3/9/2020,Monday,2580 ETHERIDGE DR NW,Carey Park,33.78801,-84.47238,13121,Fulton
200691351,2020,3/9/2020,Monday,351 FAIRBURN RD NW,Adamsville,33.76479,-84.50023,13121,Fulton
200722529,2020,3/12/2020,Thursday,590 CASCADE AVE SW @KROGER - CASCADE,West End,33.73812,-84.43276,13121,Fulton
200720042,2020,3/12/2020,Thursday,2840 GREENBRIAR PKWY SW,Greenbriar,33.68764,-84.48965,13121,Fulton
200730319,2020,3/13/2020,Friday,815 SIDNEY MARCUS BLVD NE,Lindbergh/Morosgo,33.82414,-84.36101,13121,Fulton
200731317,2020,3/13/2020,Friday,1548 MARTIN L KING JR DR SW,Mozley Park,33.75285,-84.43819,13121,Fulton
200731194,2020,3/13/2020,Friday,751 FAIRBURN RD SW,Fairburn Mays,33.73454,-84.51059,13121,Fulton
200750495,2020,3/15/2020,Sunday,2476 ELIZABETH ANN LN NE,Lindridge/Martin Manor,33.82218,-84.3495,13121,Fulton
200751707,2020,3/15/2020,Sunday,3721B CAMPBELLTON RD SW,Ben Hill Acres,33.69043,-84.50983,13121,Fulton
200760331,2020,3/16/2020,Monday,506 MORELAND AVE NE,Inman Park,33.76813,-84.34952,13121,Fulton
200770351,2020,3/17/2020,Tuesday,356 BOULEVARD NE,Old Fourth Ward,33.76421,-84.37206,13121,Fulton
200771023,2020,3/17/2020,Tuesday,2045 DONULLLD LEE HOLLOWELL PKWY NW,Grove Park,33.7774,-84.45214,13121,Fulton
200781760,2020,3/18/2020,Wednesday,1450 DONNELLY AVE SW,West End,33.73772,-84.43479,13121,Fulton
200781211,2020,3/18/2020,Wednesday,1371 KIMBERLY WAY SW,Ashley Courts,33.71771,-84.52315,13121,Fulton
200791918,2020,3/19/2020,Thursday,902 EDGEWOOD AVE NE,Inman Park,33.75628,-84.35793,13121,Fulton
200800014,2020,3/19/2020,Thursday,585 PARKWAY DR NE,Old Fourth Ward,33.77024,-84.37223,13121,Fulton
200790157,2020,3/19/2020,Thursday,242 HUNNICUTT ST NW,Downtown,33.76655,-84.39527,13121,Fulton
200800072,2020,3/20/2020,Friday,356 BOULEVARD NE,Old Fourth Ward,33.76485,-84.37194,13121,Fulton
200811942,2020,3/21/2020,Saturday,1455 MORELAND AVE SE,Custer/McDonough/Guice,33.71478,-84.35014,13121,Fulton
200811063,2020,3/21/2020,Saturday,87 PEACHTREE ST SW @KESSLERS DEPT STORE,Downtown,33.75243,-84.39198,13121,Fulton
200820787,2020,3/22/2020,Sunday,2800 FORREST PARK RD SE,South River Gardens,33.67835,-84.35791,13121,Fulton
200821432,2020,3/22/2020,Sunday,174 MOURY AVE SW,The Villages at Carver,33.71276,-84.39056,13121,Fulton
200821457,2020,3/22/2020,Sunday,550 WINDSOR ST SW,Mechanicsville,33.73989,-84.3982,13121,Fulton
200820112,2020,3/22/2020,Sunday,655 CLEVELAND AVE SW,Perkerson,33.6824,-84.41029,13121,Fulton
200821470,2020,3/22/2020,Sunday,890 WESTMONT RD SW,Oakland City,33.73095,-84.4372,13121,Fulton
200841162,2020,3/22/2020,Sunday,602 W LAKE AVE NW,Grove Park,33.77278,-84.44193,13121,Fulton
200830366,2020,3/23/2020,Monday,395 GREENDALE DR SW,Lakewood,33.69842,-84.37615,13121,Fulton
200852052,2020,3/23/2020,Monday,1959 LAKEWOOD AVE,Lakewood Heights,33.70262,-84.38491,13121,Fulton
200841240,2020,3/24/2020,Tuesday,KIPLING ST SE / HENRY THOMAS DR SE,Thomasville Heights,33.70263,-84.3523,13121,Fulton
200841861,2020,3/24/2020,Tuesday,2480 ARNO DR NW,Carver Hills,33.79897,-84.46929,13121,Fulton
200850917,2020,3/25/2020,Wednesday,420 COURTLAND ST NE,Downtown,33.76612,-84.38443,13121,Fulton
200852137,2020,3/25/2020,Wednesday,1980 DELOWE DR SW,Campbellton Road,33.70106,-84.45698,13121,Fulton
200871158,2020,3/27/2020,Friday,349 14TH ST NW,Home Park,33.78637,-84.39837,13121,Fulton
200870242,2020,3/27/2020,Friday,1328 BREWSTER ST SW,Oakland City,33.71876,-84.42649,13121,Fulton
200870475,2020,3/27/2020,Friday,2555 DONULLLD LEE HOLLOWELL PKWY NW,Center Hill,33.77561,-84.46999,13121,Fulton
200881767,2020,3/28/2020,Saturday,1341 METROPOLITAN PKWY SW,Capitol View,33.71805,-84.40809,13121,Fulton
200881399,2020,3/28/2020,Saturday,1935 ALISON CT SW,Fort Valley,33.70055,-84.45149,13121,Fulton
200881697,2020,3/28/2020,Saturday,2840 GREENBRIAR PKWY SW,Greenbriar,33.68764,-84.48965,13121,Fulton
200880641,2020,3/28/2020,Saturday,213 FAIRBURN RD NW @FAIRBURN GORDON APT,Adamsville,33.76132,-84.50395,13121,Fulton
200891516,2020,3/29/2020,Sunday,1015 STONEWALL DR,Leila Valley,33.69275,-84.35052,13121,Fulton
200911679,2020,3/31/2020,Tuesday,1001 PONCE DE LEON AVE NE,Poncey-Highland,33.7734,-84.35467,13121,Fulton
200910559,2020,3/31/2020,Tuesday,240 PEACHTREE ST NW @MERCHANDISE MART,Downtown,33.76056,-84.38835,13121,Fulton
200911130,2020,3/31/2020,Tuesday,2340 LARCHWOOD RD SW,Florida Heights,33.74739,-84.46343,13121,Fulton
200910210,2020,3/31/2020,Tuesday,2716 MARTIN L KING JR DR SW,Harland Terrace,33.75395,-84.47612,13121,Fulton
200921796,2020,4/1/2020,Wednesday,112 COURTLAND ST NE,Downtown,33.7574,-84.38475,13121,Fulton
200920169,2020,4/1/2020,Wednesday,1192 PRYOR ST SW,Peoplestown,33.72864,-84.39134,13121,Fulton
200921818,2020,4/1/2020,Wednesday,2850 SPRINGDALE RD SW,Hammond Park,33.67674,-84.41485,13121,Fulton
200920642,2020,4/1/2020,Wednesday,1698 EVANS DR SW,Sylvan Hills,33.70855,-84.42351,13121,Fulton
200950143,2020,4/2/2020,Thursday,3181 DONULLLD LEE HOLLOWELL PKWY NW,Brookview Heights,33.78652,-84.49013,13121,Fulton
200961558,2020,4/5/2020,Sunday,2416 PIEDMONT RD NE,Lindbergh/Morosgo,33.82098,-84.3685,13121,Fulton
200961552,2020,4/5/2020,Sunday,3176 DELMAR LN NW,,33.75571,-84.49133,13121,Fulton
200961045,2020,4/5/2020,Sunday,3787 MARTIN L KING JR DR NW,Old Gordon,33.7684,-84.51261,13121,Fulton
200971048,2020,4/6/2020,Monday,250 PARK AVENUE WEST NW @CENTENNIAL PARK WEST,Downtown,33.76116,-84.39438,13121,Fulton
200980667,2020,4/7/2020,Tuesday,1182 WOODLAND AVE NE,Lindridge/Martin Manor,33.81527,-84.34887,13121,Fulton
200980402,2020,4/7/2020,Tuesday,505 FULTON ST SW,Mechanicsville,33.74182,-84.40329,13121,Fulton
200980748,2020,4/7/2020,Tuesday,2265 METROPOLITAN PKWY SW,Perkerson,33.69294,-84.40879,13121,Fulton
200980916,2020,4/7/2020,Tuesday,2788 DEFOORS FERRY RD NW,,33.82114,-84.44713,13121,Fulton
200991642,2020,4/8/2020,Wednesday,51 POLAR ROCK RD SW,Polar Rock,33.6965,-84.39059,13121,Fulton
201010962,2020,4/9/2020,Thursday,2096 METROPOLITAN PKWY SW,Sylvan Hills,33.69809,-84.4081,13121,Fulton
201020474,2020,4/11/2020,Saturday,300 W. LAKE AVE NW,Grove Park,33.77824,-84.4482,13121,Fulton
201021796,2020,4/11/2020,Saturday,1960 ALISON CT SW,Campbellton Road,33.70061,-84.45299,13121,Fulton
201030972,2020,4/12/2020,Sunday,150 10TH ST NE,Midtown,33.78185,-84.38199,13121,Fulton
201030373,2020,4/12/2020,Sunday,1972 CUMMINGS DR SW,Venetian Hills,33.71729,-84.45235,13121,Fulton
201030767,2020,4/12/2020,Sunday,2456 MARTIN L KING JR DR SW,Harland Terrace,33.75166,-84.46789,13121,Fulton
201041517,2020,4/13/2020,Monday,1257 MORELAND AVE SE,Woodland Hills,33.72011,-84.35048,13121,Fulton
201040020,2020,4/13/2020,Monday,1783 JOHNSON RD NW,Rockdale,33.78547,-84.44593,13121,Fulton
201050220,2020,4/14/2020,Tuesday,900 NEW TOWN CIR SE,Thomasville Heights,33.70837,-84.36007,13121,Fulton
201050289,2020,4/14/2020,Tuesday,270 17TH STREET,Ansley Park,33.79469,-84.38377,13121,Fulton
201110937,2020,4/14/2020,Tuesday,70 JOSEPH E LOWERY BLVD NW,Washington Park,33.75646,-84.41763,13121,Fulton
201060040,2020,4/15/2020,Wednesday,1190 WOODLAND AVE NE,Lindridge/Martin Manor,33.81527,-84.34874,13121,Fulton
201061842,2020,4/15/2020,Wednesday,1350 MAYSON TURNER RD NW,Bankhead,33.76498,-84.43115,13121,Fulton
201060850,2020,4/15/2020,Wednesday,2265 PERRY BLVD NW @ARCHER HEIGHTS APTS,Scotts Crossing,33.80595,-84.46416,13121,Fulton
201061412,2020,4/15/2020,Wednesday,3793 STEPHANIE DR SW,Deerwood,33.67449,-84.51263,13121,Fulton
201071399,2020,4/16/2020,Thursday,537 BOULEVARD NE,Old Fourth Ward,33.76911,-84.37156,13121,Fulton
201081600,2020,4/17/2020,Friday,565 IRA ST SW,Mechanicsville,33.73944,-84.40011,13121,Fulton
201080310,2020,4/17/2020,Friday,921 WESTMORELAND CIR NW,West Highlands,33.79009,-84.44969,13121,Fulton
201090229,2020,4/18/2020,Saturday,316 7TH ST NE,Midtown,33.77793,-84.3769,13121,Fulton
201111064,2020,4/20/2020,Monday,3788 CAMPBELLTON RD SW,,33.69037,-84.51287,13121,Fulton
201121677,2020,4/21/2020,Tuesday,608 CAMERON M ALEXANDER BLVD NW,English Avenue,33.76805,-84.40734,13121,Fulton
201120066,2020,4/21/2020,Tuesday,1998 HANDLEY AVE SW,Westwood Terrace,33.73486,-84.45339,13121,Fulton
201121469,2020,4/21/2020,Tuesday,2265 CASCADE RD SW,Cascade Avenue/Road,33.72304,-84.46284,13121,Fulton
201120181,2020,4/21/2020,Tuesday,2800 MARTIN L KING JR DR SW,Harland Terrace,33.75395,-84.47612,13121,Fulton
201131983,2020,4/22/2020,Wednesday,981 STONEWALL DR SE,,33.74451,-84.34923,13121,Fulton
201141748,2020,4/22/2020,Wednesday,157 MOURY AVE SW,The Villages at Carver,33.71283,-84.38841,13121,Fulton
201131505,2020,4/22/2020,Wednesday,1766 HOWELL MILL RD NW,Underwood Hills,33.80243,-84.41529,13121,Fulton
201132020,2020,4/22/2020,Wednesday,2800 MARTIN L KING JR DR SW,Harland Terrace,33.75431,-84.4793,13121,Fulton
201141695,2020,4/23/2020,Thursday,2640 MARTIN L KING JR DR SW,Harland Terrace,33.75381,-84.47425,13121,Fulton
201150596,2020,4/24/2020,Friday,824 DONULLLD LEE HOLLOWELL PKWY NW,English Avenue,33.77282,-84.41423,13121,Fulton
201161658,2020,4/25/2020,Saturday,510 MCWILLIAMS RD SE,Lakewood,33.68938,-84.37197,13121,Fulton
201160086,2020,4/25/2020,Saturday,160 PONCE DE LEON AVE NE,Midtown,33.77282,-84.38211,13121,Fulton
201170427,2020,4/26/2020,Sunday,1177 CONSTITUTION RD SE,Leila Valley,33.69298,-84.35166,13121,Fulton
201181791,2020,4/27/2020,Monday,114 MEMORIAL DR SW,Downtown,33.74667,-84.39153,13121,Fulton
201180952,2020,4/27/2020,Monday,456 DUNBAR ST SW,Pittsburgh,33.72274,-84.40274,13121,Fulton
201180750,2020,4/27/2020,Monday,1614 OLYMPIAN CIR SW,Westview,33.73578,-84.44047,13121,Fulton
201201247,2020,4/29/2020,Wednesday,2636 MARTIN L KING JR DR SW,Harland Terrace,33.75277,-84.47429,13121,Fulton
201210616,2020,4/30/2020,Thursday,500 MORGAN ST NE,Old Fourth Ward,33.76907,-84.37084,13121,Fulton
201221495,2020,5/1/2020,Friday,2539 PIEDMONT RD NE @TARGET - PIEDMONT,Lindbergh/Morosgo,33.82403,-84.36328,13121,Fulton
201221354,2020,5/1/2020,Friday,213 FAIRBURN RD NW @FAIRBURN GORDON APT,Adamsville,33.76132,-84.50395,13121,Fulton
201231877,2020,5/2/2020,Saturday,66 DECATUR ST SE,Downtown,33.75326,-84.3877,13121,Fulton
201260676,2020,5/3/2020,Sunday,2685 METROPOLITAN PKWY SW,Perkerson,33.68274,-84.40902,13121,Fulton
201251047,2020,5/4/2020,Monday,2572 LENOX RD NE,Pine Hills,33.82517,-84.35295,13121,Fulton
201250652,2020,5/4/2020,Monday,2525 PIEDMONT RD NE @HOME DEPOT,Lindbergh/Morosgo,33.824,-84.36521,13121,Fulton
201250132,2020,5/4/2020,Monday,86 WASHINGTON ST SW,Downtown,33.74982,-84.38849,13121,Fulton
201250148,2020,5/4/2020,Monday,178 MOURY AVE SW,The Villages at Carver,33.71347,-84.39079,13121,Fulton
201251028,2020,5/4/2020,Monday,55 MONTCLAIR DR NE,Brookwood Hills,33.80754,-84.3916,13121,Fulton
201251448,2020,5/4/2020,Monday,ALABAMA ST SW / BROAD ST SW,Downtown,33.75352,-84.39189,13121,Fulton
201251699,2020,5/4/2020,Monday,GUN CLUB RD NW / HOLLYWOOD DR NW,Grove Park,33.78155,-84.45584,13121,Fulton
201270557,2020,5/5/2020,Tuesday,232 FORSYTH,Downtown,33.7521,-84.38955,13121,Fulton
201271978,2020,5/6/2020,Wednesday,2132 MARTIN L KING JR DR SW,Florida Heights,33.75042,-84.4579,13121,Fulton
201271774,2020,5/6/2020,Wednesday,745 CRESTWELL CIR SW,Mays,33.74536,-84.50407,13121,Fulton
201280659,2020,5/7/2020,Thursday,842 RALPH D ABERNULLTHY BLVD SW,West End,33.73815,-84.41521,13121,Fulton
201301442,2020,5/9/2020,Saturday,411 LUCKIE ST NW,Downtown,33.76549,-84.39587,13121,Fulton
201310625,2020,5/10/2020,Sunday,213 FAIRBURN RD NW @FAIRBURN GORDON APT,Adamsville,33.76132,-84.50395,13121,Fulton
201340682,2020,5/11/2020,Monday,I-75-85 SB EXPY SW / UNIVERSITY AVE SW,Pittsburgh,33.72213,-84.395,13121,Fulton
201321979,2020,5/11/2020,Monday,1160 WEST AVE SW,Pittsburgh,33.72318,-84.39568,13121,Fulton
201320854,2020,5/11/2020,Monday,1003 MCDANIEL ST SW,Pittsburgh,33.72757,-84.40192,13121,Fulton
201331569,2020,5/12/2020,Tuesday,2591 PIEDMONT RD NE,Lindbergh/Morosgo,33.82543,-84.36706,13121,Fulton
201331249,2020,5/12/2020,Tuesday,3540 N CAMP CREEK PKWY SW,,33.67051,-84.50299,13121,Fulton
201340119,2020,5/13/2020,Wednesday,2331 PEACHTREE RD NE,Peachtree Hills,33.81831,-84.38853,13121,Fulton
201341289,2020,5/13/2020,Wednesday,874 MITCHELL ST SW,Atlanta University Center,33.75329,-84.41621,13121,Fulton
201340041,2020,5/13/2020,Wednesday,2640 MARTIN L KING JR DR SW,Harland Terrace,33.75381,-84.47425,13121,Fulton
201341461,2020,5/13/2020,Wednesday,751 FAIRBURN RD SW,Fairburn Mays,33.73454,-84.51059,13121,Fulton
201362185,2020,5/15/2020,Friday,50 ALABAMA ST SW,Downtown,33.75194,-84.38964,13121,Fulton
201371763,2020,5/16/2020,Saturday,275 PRYOR ST SW,Downtown,33.74747,-84.39415,13121,Fulton
201401709,2020,5/16/2020,Saturday,BANKS AVE SW / METROPOLITAN PKWY SW,Perkerson,33.69602,-84.40812,13121,Fulton
201380309,2020,5/17/2020,Sunday,800 W MARIETTA ST NW @METROPOINTE LOFTS,English Avenue,33.78022,-84.41514,13121,Fulton
201391138,2020,5/17/2020,Sunday,1033 HOLLYWOOD RD,Almond Park,33.78373,-84.45794,13121,Fulton
201380950,2020,5/17/2020,Sunday,2841 GREENBRIAR PKWY SW @GREENBRIAR MALL,Greenbriar,33.68845,-84.49328,13121,Fulton
201390898,2020,5/18/2020,Monday,540 HUMPHRIES ST SW,Mechanicsville,33.7399,-84.40488,13121,Fulton
201390132,2020,5/18/2020,Monday,2716 MARTIN L KING JR DR SW,Harland Terrace,33.75395,-84.47612,13121,Fulton
201410007,2020,5/19/2020,Tuesday,12 W PEACHTREE PL NW,Downtown,33.7639,-84.38793,13121,Fulton
201400053,2020,5/19/2020,Tuesday,1591 MURPHY AVE SW,Sylvan Hills,33.71021,-84.42571,13121,Fulton
201410019,2020,5/20/2020,Wednesday,1123 ARLINGTON AVE SW,Oakland City,33.72448,-84.4246,13121,Fulton
201422031,2020,5/21/2020,Thursday,10 THE PRADO NE,Ansley Park,33.79148,-84.37508,13121,Fulton
201430262,2020,5/22/2020,Friday,2591 ETHERIDGE DR NW,Carey Park,33.7881,-84.47292,13121,Fulton
201441373,2020,5/23/2020,Saturday,679 CAMERON M ALEXANDER BLVD NW,English Avenue,33.76842,-84.40965,13121,Fulton
201461766,2020,5/25/2020,Monday,1901 HOLLYWOOD RD NW,Riverside,33.80756,-84.47137,13121,Fulton
201471220,2020,5/26/2020,Tuesday,50 ALABAMA ST SW,Downtown,33.75194,-84.38964,13121,Fulton
201481241,2020,5/27/2020,Wednesday,3050 MARTIN L KING JR DR SW,Harland Terrace,33.75177,-84.4857,13121,Fulton
201491839,2020,5/28/2020,Thursday,3450 FORREST PARK RD SE,South River Gardens,33.65971,-84.35487,13121,Fulton
201491797,2020,5/28/2020,Thursday,201 MOURY AVE SW,The Villages at Carver,33.71691,-84.39276,13121,Fulton
201500388,2020,5/29/2020,Friday,490 GLENN ST SW,Mechanicsville,33.73805,-84.40262,13121,Fulton
201501563,2020,5/29/2020,Friday,516 LEE ST SW,West End,33.74087,-84.41346,13121,Fulton
201500357,2020,5/29/2020,Friday,3888 COLLIER DR NW,Old Gordon,33.77001,-84.51313,13121,Fulton
201510503,2020,5/30/2020,Saturday,75 JOHN PORTMAN BLD,Downtown,33.76082,-84.38767,13121,Fulton
201510449,2020,5/30/2020,Saturday,1299 NORTHSIDE DR NW,Loring Heights,33.79201,-84.40569,13121,Fulton
201520053,2020,5/31/2020,Sunday,1362 BOULEVARD SE,Benteen Park,33.71744,-84.36818,13121,Fulton
201531618,2020,6/1/2020,Monday,29 MORELAND AVE SE,Reynoldstown,33.75276,-84.34968,13121,Fulton
201530853,2020,6/1/2020,Monday,690 NEW TOWN CIR SE,Thomasville Heights,33.7085,-84.36154,13121,Fulton
201530985,2020,6/1/2020,Monday,3254 NORTHSIDE PKWY NW,,33.84206,-84.42267,13121,Fulton
201540779,2020,6/2/2020,Tuesday,2344 NISKEY LAKE RD SW,Fairburn,33.69093,-84.52708,13121,Fulton
201550865,2020,6/3/2020,Wednesday,1021 FAIR ST,Ashview Heights,33.74929,-84.4213,13121,Fulton
201550886,2020,6/3/2020,Wednesday,1355 RALPH D ABERNULLTHY BLVD SW,West End,33.7394,-84.43203,13121,Fulton
201550811,2020,6/3/2020,Wednesday,1894 CAMPBELLTON RD SW,PomoNULL Park,33.70859,-84.45117,13121,Fulton
201550959,2020,6/3/2020,Wednesday,3200 STONE RD SW,Greenbriar,33.6697,-84.49403,13121,Fulton
201561169,2020,6/4/2020,Thursday,2084 CAMPBELLTON RD SW,Campbellton Road,33.70648,-84.45706,13121,Fulton
201570583,2020,6/5/2020,Friday,737 PONCE DE LEON AVE NE,Poncey-Highland,33.77348,-84.36289,13121,Fulton
201580005,2020,6/5/2020,Friday,3260 DONULLLD LEE HOLLOWELL PKWY,Marietta Street Artery,33.77585,-84.40699,13121,Fulton
201580109,2020,6/6/2020,Saturday,29 MORELAND AVE SE,Reynoldstown,33.75276,-84.34968,13121,Fulton
201600547,2020,6/6/2020,Saturday,1027 SPARKS ST,Downtown,33.74816,-84.39459,13121,Fulton
201580821,2020,6/6/2020,Saturday,142 PETERS ST SW,Castleberry Hill,33.75035,-84.39748,13121,Fulton
201591395,2020,6/7/2020,Sunday,3700 CAMPBELLTON RD SW,,33.68995,-84.50961,13121,Fulton
201600621,2020,6/8/2020,Monday,680 PONCE DE LEON AVE NE,Midtown,33.77406,-84.36528,13121,Fulton
201601259,2020,6/8/2020,Monday,2549 PIEDMONT RD NE,Lindbergh/Morosgo,33.82464,-84.3671,13121,Fulton
201601338,2020,6/8/2020,Monday,563 SPRING ST NW,Downtown,33.76993,-84.38851,13121,Fulton
201600151,2020,6/8/2020,Monday,2640 MARTIN L KING JR DR SW,Harland Terrace,33.75381,-84.47425,13121,Fulton
201610856,2020,6/9/2020,Tuesday,635 LINDBERGH DR NE,Lindbergh/Morosgo,33.8213,-84.36689,13121,Fulton
201610691,2020,6/9/2020,Tuesday,1055 GRANT WAY SE,Peoplestown,33.72539,-84.38075,13121,Fulton
201611331,2020,6/9/2020,Tuesday,1267 JOSEPH E BOONE BLVD NW,Bankhead,33.76398,-84.42895,13121,Fulton
201620589,2020,6/9/2020,Tuesday,2538 DONULLLD LEE HOLLOWELL PKWY NW,Center Hill,33.77532,-84.46904,13121,Fulton
201611203,2020,6/9/2020,Tuesday,2841 GREENBRIAR PKWY SW @GREENBRIAR MALL,Greenbriar,33.68845,-84.49328,13121,Fulton
201610940,2020,6/9/2020,Tuesday,3833 PRINCETON LAKES CT SW,Princeton Lakes,33.65684,-84.51316,13121,Fulton
201620156,2020,6/10/2020,Wednesday,84 LUCKIE ST NW,Downtown,33.75702,-84.3896,13121,Fulton
201620798,2020,6/10/2020,Wednesday,213 FAIRBURN RD NW,Adamsville,33.75771,-84.50344,13121,Fulton
201630984,2020,6/11/2020,Thursday,2788 DEFOORS FERRY RD,,33.82098,-84.44692,13121,Fulton
201631183,2020,6/11/2020,Thursday,2841 GREENBRIAR PKWY SW @GREENBRIAR MALL,Greenbriar,33.68677,-84.49773,13121,Fulton
201640071,2020,6/12/2020,Friday,111 BOULEVARD NE,Old Fourth Ward,33.75734,-84.3718,13121,Fulton
201640924,2020,6/12/2020,Friday,336 JOSEPH E LOWERY BLVD NW,Bankhead,33.76383,-84.41787,13121,Fulton
201650542,2020,6/13/2020,Saturday,468 PARKWAY DR NE,Old Fourth Ward,33.76708,-84.37339,13121,Fulton
201651379,2020,6/13/2020,Saturday,1163 W PEACHTREE ST NE,Midtown,33.78609,-84.38747,13121,Fulton
201660938,2020,6/13/2020,Saturday,1198 MOTON AVE SW,Pittsburgh,33.72242,-84.39663,13121,Fulton
201650250,2020,6/13/2020,Saturday,532 CLEVELAND AVE SW,Hammond Park,33.67941,-84.40569,13121,Fulton
201650397,2020,6/13/2020,Saturday,2370 METROPOLITAN PKWY SW @SANTA FE VILLAS,Perkerson,33.69017,-84.40775,13121,Fulton
201660306,2020,6/14/2020,Sunday,16 WILLIAM H BORDERS DR SE,Sweet Auburn,33.75395,-84.37543,13121,Fulton
201660029,2020,6/14/2020,Sunday,159 LITTLE ST SE,Summerhill,33.73294,-84.38257,13121,Fulton
201660864,2020,6/14/2020,Sunday,1631 STANTON RD SW,,33.71076,-84.4438,13121,Fulton
201670293,2020,6/15/2020,Monday,343 JOSEPH E LOWERY BLVD SW,Ashview Heights,33.74569,-84.41786,13121,Fulton
201670630,2020,6/15/2020,Monday,1553 WILLOWBROOK DR SW,Venetian Hills,33.71324,-84.44713,13121,Fulton
201670646,2020,6/15/2020,Monday,3895 MELVIN DR SW @MELVIN DRIVE PARK,,33.71093,-84.51534,13121,Fulton
201681215,2020,6/16/2020,Tuesday,3000 STONE HOGAN CONN SW @GREENBRIAR COMMONS,Greenbriar,33.67356,-84.4964,13121,Fulton
201690424,2020,6/17/2020,Wednesday,470 THOMASVILLE BLVD SE,Thomasville Heights,33.70532,-84.35959,13121,Fulton
201690184,2020,6/17/2020,Wednesday,445 MARKHAM ST SW,Castleberry Hill,33.75274,-84.40069,13121,Fulton
201691062,2020,6/17/2020,Wednesday,855 HALL ST NW,Center Hill,33.7784,-84.46581,13121,Fulton
201700911,2020,6/18/2020,Thursday,2572 LENOX RD NE,Pine Hills,33.82517,-84.35295,13121,Fulton
201701081,2020,6/18/2020,Thursday,2143 PEACHTREE RD NE,,33.81262,-84.39195,13121,Fulton
201700902,2020,6/18/2020,Thursday,1695 PRYOR RD SW,Betmar LaVilla,33.70894,-84.39374,13121,Fulton
201710332,2020,6/19/2020,Friday,1544 PIEDMONT AVE NE,Piedmont Heights,33.79668,-84.36951,13121,Fulton
201711196,2020,6/19/2020,Friday,1717 CENTRA VILLA DR SW,Adams Park,33.70928,-84.45571,13121,Fulton
201710555,2020,6/19/2020,Friday,213 FAIRBURN RD NW,Adamsville,33.76132,-84.50395,13121,Fulton
201720485,2020,6/20/2020,Saturday,2350 CHESHIRE BRIDGE RD NE,Lindridge/Martin Manor,33.8195,-84.35199,13121,Fulton
201720294,2020,6/20/2020,Saturday,424 DECATUR ST SE,Sweet Auburn,33.75107,-84.37448,13121,Fulton
201720502,2020,6/20/2020,Saturday,234 MEMORIAL DR SW,Downtown,33.7465,-84.39536,13121,Fulton
201720447,2020,6/20/2020,Saturday,830 WOODROW ST SW,Oakland City,33.72364,-84.41516,13121,Fulton
201730195,2020,6/21/2020,Sunday,118 HOWELL ST NE,Old Fourth Ward,33.75737,-84.37007,13121,Fulton
201730488,2020,6/21/2020,Sunday,409 UNIVERSITY AVE SW,Pittsburgh,33.72232,-84.40135,13121,Fulton
201730418,2020,6/21/2020,Sunday,2690 METROPOLITAN PKWY SW,Perkerson,33.68169,-84.40737,13121,Fulton
201730936,2020,6/21/2020,Sunday,2779 LAKEWOOD AVE SW,Sylvan Hills,33.69729,-84.40943,13121,Fulton
201730152,2020,6/21/2020,Sunday,1741 DERRY AVE SW,Westview,33.74349,-84.4457,13121,Fulton
201740938,2020,6/22/2020,Monday,806 ELOISE CT SE,Grant Park,33.73441,-84.36101,13121,Fulton
201740686,2020,6/22/2020,Monday,509 HOLLY ST NW,Grove Park,33.7691,-84.43742,13121,Fulton
201750514,2020,6/23/2020,Tuesday,1700 NORTHSIDE DR NW,Berkeley Park,33.80077,-84.40869,13121,Fulton
201750113,2020,6/23/2020,Tuesday,835 OGLETHORPE AVE SW,West End,33.73592,-84.41564,13121,Fulton
201760345,2020,6/24/2020,Wednesday,2718 DALE CREEK DR,Collier Heights,33.76448,-84.47596,13121,Fulton
201771053,2020,6/25/2020,Thursday,232 CHASTAIN PRESERVE LN NE,North Buckhead,33.8648,-84.37976,13121,Fulton
201771323,2020,6/25/2020,Thursday,434 COOPER ST SW,Mechanicsville,33.74276,-84.39685,13121,Fulton
201770385,2020,6/25/2020,Thursday,824 DONULLLD LEE HOLLOWELL PKWY NW,English Avenue,33.77282,-84.41423,13121,Fulton
201770466,2020,6/25/2020,Thursday,4065 SOUTHWOOD CIR SW,Ben Hill Terrace,33.69639,-84.52091,13121,Fulton
201780226,2020,6/26/2020,Friday,3324 NORTHSIDE PKWY NW,West Paces Ferry/Northside,33.84704,-84.42959,13121,Fulton
201781006,2020,6/26/2020,Friday,1350 MAYSON TURNER RD NW,Bankhead,33.76555,-84.43204,13121,Fulton
201780418,2020,6/26/2020,Friday,2997 CAMPBELLTON RD SW,Southwest,33.6962,-84.48681,13121,Fulton
201790377,2020,6/27/2020,Saturday,505 PHARR RD NE,Garden Hills,33.83691,-84.37182,13121,Fulton
201791018,2020,6/27/2020,Saturday,888 RALPH D ABERNULLTHY BLVD SW,West End,33.738,-84.41691,13121,Fulton
201790356,2020,6/27/2020,Saturday,1845 VENETIAN DR,Venetian Hills,33.7149,-84.44827,13121,Fulton
201800406,2020,6/28/2020,Sunday,2520 JONESBORO RD SE,Leila Valley,33.6849,-84.36412,13121,Fulton
201801235,2020,6/28/2020,Sunday,349 DECATUR ST SE,Sweet Auburn,33.74988,-84.37788,13121,Fulton
201800404,2020,6/28/2020,Sunday,2 PONCE DE LEON AVE NE,Midtown,33.77238,-84.38698,13121,Fulton
201800439,2020,6/28/2020,Sunday,815 MAGNOLIA WAY NW,Vine City,33.75823,-84.41418,13121,Fulton
201810588,2020,6/29/2020,Monday,3393 PEACHTREE RD,Lenox,33.84676,-84.36212,13121,Fulton
201811454,2020,6/29/2020,Monday,54 PEACHTREE ST SW,Downtown,33.75286,-84.3912,13121,Fulton
201810124,2020,6/29/2020,Monday,296 NORTHSIDE DR SW,Castleberry Hill,33.74632,-84.40611,13121,Fulton
201820252,2020,6/30/2020,Tuesday,190 ROSSER ST SW,Ashview Heights,33.74964,-84.42406,13121,Fulton
201820782,2020,6/30/2020,Tuesday,2841 GREENBRIAR PKWY SW @GREENBRIAR MALL,Greenbriar,33.68845,-84.49328,13121,Fulton
201820310,2020,6/30/2020,Tuesday,1381 KIMBERLY WAY SW,Ashley Courts,33.71745,-84.52265,13121,Fulton
201830611,2020,7/1/2020,Wednesday,260 HUNNICUTT ST NW,Downtown,33.76655,-84.39549,13121,Fulton
201840248,2020,7/2/2020,Thursday,1845 VENETIAN DR SW,Venetian Hills,33.7149,-84.44827,13121,Fulton
201841548,2020,7/2/2020,Thursday,2980 DELMAR LN NW,,33.75517,-84.48481,13121,Fulton
201851022,2020,7/3/2020,Friday,3399 PEACHTREE RD NE @MARRIOTT LENOX,Lenox,33.8491,-84.36379,13121,Fulton
201860135,2020,7/4/2020,Saturday,4282 ROSWELL RD NE,East Chastain Park,33.87183,-84.38115,13121,Fulton
201861022,2020,7/4/2020,Saturday,1270 SPRING ST NW,Midtown,33.78949,-84.38994,13121,Fulton
201870763,2020,7/5/2020,Sunday,1085 LINDBERGH DR,Lindridge/Martin Manor,33.81842,-84.35253,13121,Fulton
201880799,2020,7/6/2020,Monday,1273 LUCILE AVE SW,West End,33.74238,-84.42945,13121,Fulton
201891577,2020,7/7/2020,Tuesday,144 MORELAND AVE NE,Reynoldstown,33.75736,-84.3496,13121,Fulton
201891286,2020,7/7/2020,Tuesday,3535 PEACHTREE RD NE,Lenox,33.85182,-84.3595,13121,Fulton
201891372,2020,7/7/2020,Tuesday,98 WILLIAM H BORDERS DR SE @SELENULL S BUTLER PARK,Sweet Auburn,33.75118,-84.37486,13121,Fulton
201890268,2020,7/7/2020,Tuesday,2396 ABNER PL NW,Carver Hills,33.80102,-84.46562,13121,Fulton
201901642,2020,7/8/2020,Wednesday,1222 JOSEPH E BOONE BLVD NW,Hunter Hills,33.76343,-84.42769,13121,Fulton
201910204,2020,7/9/2020,Thursday,1218 JOSEPH E BOONE BLVD NW,Bankhead,33.76361,-84.42783,13121,Fulton
201930408,2020,7/11/2020,Saturday,2137 LENOX RD NE,Lindridge/Martin Manor,33.81284,-84.3506,13121,Fulton
201940912,2020,7/12/2020,Sunday,3434 PEACHTREE RD NE,North Buckhead,33.85058,-84.36197,13121,Fulton
201940838,2020,7/12/2020,Sunday,3393 PEACHTREE RD NE @LENOX MALL,Lenox,33.84676,-84.36212,13121,Fulton
201940414,2020,7/12/2020,Sunday,200 EDGEWOOD AVE NE,Downtown,33.75479,-84.38102,13121,Fulton
201950947,2020,7/13/2020,Monday,735 JOSEPH E BOONE BLVD  NW,English Avenue,33.76352,-84.41155,13121,Fulton
201960468,2020,7/13/2020,Monday,102 OLLIE ST NW,Washington Park,33.75735,-84.4214,13121,Fulton
201950235,2020,7/13/2020,Monday,3200 STONE RD SW,Greenbriar,33.6697,-84.49403,13121,Fulton
201961171,2020,7/14/2020,Tuesday,460 GRIFFIN ST NW,English Avenue,33.76719,-84.41137,13121,Fulton
201971318,2020,7/15/2020,Wednesday,1734 HADLOCK ST SW,,33.70815,-84.44603,13121,Fulton
201990979,2020,7/16/2020,Thursday,600 GREENSFERRY AVE SW,The Villages at Castleberry Hill,33.74623,-84.40914,13121,Fulton
201981601,2020,7/16/2020,Thursday,SELLS AVE SW / PEEPLES ST SW,Harris Chiles,33.74536,-84.4205,13121,Fulton
201990424,2020,7/17/2020,Friday,866 MURPHY AVE SW @ADAIR II PARK,Adair Park,33.73207,-84.41184,13121,Fulton
202000662,2020,7/18/2020,Saturday,725 PONCE DE LEON AVE NE @KROGER - PONCE,Poncey-Highland,33.77343,-84.36351,13121,Fulton
202011228,2020,7/19/2020,Sunday,385 HOLLY DR SE,Orchard Knob,33.67512,-84.37703,13121,Fulton
202020635,2020,7/20/2020,Monday,901 BERNINULL AVE NE,Inman Park,33.76395,-84.35808,13121,Fulton
202020120,2020,7/20/2020,Monday,349 SPELMAN LN SW,The Villages at Castleberry Hill,33.74468,-84.40847,13121,Fulton
202020290,2020,7/20/2020,Monday,3000 CONTINENTAL COLONY PKWY SW,Greenbriar,33.68077,-84.4937,13121,Fulton
202030163,2020,7/21/2020,Tuesday,1917 PRYOR RD SW,Lakewood Heights,33.70213,-84.39915,13121,Fulton
202031154,2020,7/21/2020,Tuesday,2091 CAMPBELLTON RD SW,Adams Park,33.70675,-84.45688,13121,Fulton
202040191,2020,7/22/2020,Wednesday,2472 HOWELL MILL RD,Wildwood (NPU-C),33.82341,-84.41626,13121,Fulton
202071047,2020,7/23/2020,Thursday,134 BAKER ST NE @GOOSEBUMPS,Downtown,33.76241,-84.38307,13121,Fulton
202051401,2020,7/23/2020,Thursday,215 FORSYTH ST SW,Downtown,33.74892,-84.3968,13121,Fulton
202071125,2020,7/25/2020,Saturday,232 FORSYTH ST SW @GREYHOUND BUS DEPOT,Downtown,33.74852,-84.39636,13121,Fulton
202070387,2020,7/25/2020,Saturday,3010 CAMPBELLTON RD SW,Southwest,33.69533,-84.48665,13121,Fulton
202081265,2020,7/26/2020,Sunday,258 NELSON ST SW,Castleberry Hill,33.75174,-84.39644,13121,Fulton
202080497,2020,7/26/2020,Sunday,199 NORTHSIDE DR SW,Atlanta University Center,33.74928,-84.40479,13121,Fulton
202090863,2020,7/27/2020,Monday,1960 RAMBLING DR SW,Sylvan Hills,33.70056,-84.40509,13121,Fulton
202110989,2020,7/29/2020,Wednesday,1101 PONCE DE LEON AVE NE,Poncey-Highland,33.77374,-84.3514,13121,Fulton
202110754,2020,7/29/2020,Wednesday,1940 FISHER RD SE,Custer/McDonough/Guice,33.70979,-84.35849,13121,Fulton
202120189,2020,7/30/2020,Thursday,1025 N HIGHLAND AVE NE,Virginia Highland,33.7829,-84.35444,13121,Fulton
202121422,2020,7/30/2020,Thursday,960 CATO ST NW,Grove Park,33.78207,-84.4558,13121,Fulton
202130632,2020,7/31/2020,Friday,2591 PIEDMONT RD NE,Lindbergh/Morosgo,33.82494,-84.36684,13121,Fulton
202131543,2020,7/31/2020,Friday,181 PEACHTREE ST NE @RITZ,Downtown,33.75861,-84.3872,13121,Fulton
202130982,2020,7/31/2020,Friday,232 FORSYTH ST SW @GREYHOUND BUS DEPOT,Downtown,33.74852,-84.39636,13121,Fulton
202131131,2020,7/31/2020,Friday,1980 DELOWE DR SW,Campbellton Road,33.70106,-84.45698,13121,Fulton
202140189,2020,8/1/2020,Saturday,3109 E SHADOWLAWN AVE NE,Buckhead Village,33.83982,-84.37388,13121,Fulton
202140298,2020,8/1/2020,Saturday,490 WHITEHALL ST SW,Castleberry Hill,33.74348,-84.40341,13121,Fulton
202140325,2020,8/1/2020,Saturday,2524 METROPOLITAN PKWY SW,Perkerson,33.68608,-84.40812,13121,Fulton
202140532,2020,8/1/2020,Saturday,899 MAYSON TURNER RD NW,Vine City,33.75703,-84.41673,13121,Fulton
202141414,2020,8/1/2020,Saturday,2065 ALISON CT SW,Campbellton Road,33.7008,-84.45606,13121,Fulton
202151175,2020,8/1/2020,Saturday,2800 MARTIN L KING JR DR SW,Harland Terrace,33.75331,-84.47979,13121,Fulton
202140265,2020,8/1/2020,Saturday,3170 DONULLLD LEE HOLLOWELL PKWY NW,Collier Heights,33.78577,-84.49055,13121,Fulton
202161502,2020,8/3/2020,Monday,2459 PIEDMONT RD NE,Lindbergh/Morosgo,33.82259,-84.36722,13121,Fulton
202160286,2020,8/3/2020,Monday,2960 PIEDMONT RD NE,Garden Hills,33.83512,-84.36811,13121,Fulton
202160254,2020,8/3/2020,Monday,55 IVAN ALLEN JR BLVD NW,Downtown,33.76502,-84.38985,13121,Fulton
202160196,2020,8/3/2020,Monday,3088 CAMPBELLTON RD SW,Southwest,33.69365,-84.48861,13121,Fulton
202170658,2020,8/4/2020,Tuesday,2561 PIEDMONT RD NE,Lindbergh/Morosgo,33.82561,-84.36464,13121,Fulton
202170488,2020,8/4/2020,Tuesday,2891 SPRINGDALE RD SW,Hammond Park,33.67628,-84.41592,13121,Fulton
202180168,2020,8/5/2020,Wednesday,620 MARY ST SW,Pittsburgh,33.72925,-84.40785,13121,Fulton
202191270,2020,8/6/2020,Thursday,3894 JONESBORO RD SE,South River Gardens,33.64822,-84.36502,13121,Fulton
202190565,2020,8/6/2020,Thursday,998 CHARLES ALLEN DR NE,Midtown,33.7816,-84.37292,13121,Fulton
202190896,2020,8/6/2020,Thursday,1955 COMPTON DR SE @SOUTH BEND PARK,Lakewood Heights,33.7009,-84.38279,13121,Fulton
202191782,2020,8/6/2020,Thursday,967 DIMMOCK ST SW,Oakland City,33.72687,-84.41909,13121,Fulton
202190204,2020,8/6/2020,Thursday,142 HOLLY RD NW,West Lake,33.75915,-84.43802,13121,Fulton
202201018,2020,8/7/2020,Friday,301 PINE ST NW,Downtown,33.76801,-84.39585,13121,Fulton
202200279,2020,8/7/2020,Friday,350 PEEPLES ST SW,Harris Chiles,33.74504,-84.42039,13121,Fulton
202210096,2020,8/8/2020,Saturday,227 COURTLAND ST NE,Downtown,33.76067,-84.38354,13121,Fulton
202211893,2020,8/8/2020,Saturday,3285 MARTIN L KING JR DR SW,,33.75284,-84.49256,13121,Fulton
202221251,2020,8/9/2020,Sunday,3639 PEACHTREE RD NE,Ridgedale Park,33.85373,-84.35777,13121,Fulton
202220541,2020,8/9/2020,Sunday,815 SIDNEY MARCUS BLVD NE,Lindbergh/Morosgo,33.82414,-84.36101,13121,Fulton
202230354,2020,8/10/2020,Monday,1770 RICHMOND CIR,Lakewood Heights,33.70695,-84.37414,13121,Fulton
202230801,2020,8/10/2020,Monday,2115 HOLLYWOOD DR NW,Almond Park,33.78319,-84.45726,13121,Fulton
202241839,2020,8/11/2020,Tuesday,834 HANK AARON DR SE,Summerhill,33.73206,-84.38764,13121,Fulton
202250663,2020,8/11/2020,Tuesday,34 PEACHTREE ST NW @NULLTL BANK OF GA,Downtown,33.75481,-84.38957,13121,Fulton
202240905,2020,8/11/2020,Tuesday,1993 BENT CREEK WAY SW,Campbellton Road,33.7011,-84.46631,13121,Fulton
202251832,2020,8/12/2020,Wednesday,2727 LOGHAVEN DR NW,Collier Heights,33.76049,-84.47702,13121,Fulton
202260799,2020,8/13/2020,Thursday,246 ORMOND ST SW,Mechanicsville,33.73165,-84.3961,13121,Fulton
202260690,2020,8/13/2020,Thursday,62 HOWELL DR SW,Adamsville,33.75655,-84.50318,13121,Fulton
202272060,2020,8/14/2020,Friday,2105 MORELAND AVE SE,Norwood Manor,33.6966,-84.35021,13121,Fulton
202271015,2020,8/14/2020,Friday,I-75-85 SB EXPY SW / UNIVERSITY AVE SW,Pittsburgh,33.72213,-84.395,13121,Fulton
202271242,2020,8/14/2020,Friday,2100 BAKER RD NW,Grove Park,33.77013,-84.45584,13121,Fulton
202280230,2020,8/15/2020,Saturday,500 NORTHSIDE CIR NW,Loring Heights,33.79724,-84.40668,13121,Fulton
202301041,2020,8/16/2020,Sunday,1200 FOSTER ST NW,Blandtown,33.78651,-84.41448,13121,Fulton
202291341,2020,8/16/2020,Sunday,2280 CAMPBELLTON RD SW,Campbellton Road,33.70326,-84.46264,13121,Fulton
202290253,2020,8/16/2020,Sunday,3180 MARTIN L KING JR DR SW,,33.75128,-84.49033,13121,Fulton
202300322,2020,8/17/2020,Monday,2980 JONESBORO RD,South River Gardens,33.67339,-84.37144,13121,Fulton
202300216,2020,8/17/2020,Monday,1083 WESTVIEW DR SW,Ashview Heights,33.74725,-84.42314,13121,Fulton
202301065,2020,8/17/2020,Monday,2840 GREENBRIAR PKWY SW,Greenbriar,33.68764,-84.48965,13121,Fulton
202311580,2020,8/18/2020,Tuesday,761 SIDNEY MARCUS BLVD NE @QUICK TRIP - SIDNEY,Lindbergh/Morosgo,33.82545,-84.36218,13121,Fulton
202310933,2020,8/18/2020,Tuesday,3390 STRATFORD RD NE,North Buckhead,33.84983,-84.36779,13121,Fulton
202321194,2020,8/19/2020,Wednesday,840 CHEROKEE AVE SE,Grant Park,33.73716,-84.36985,13121,Fulton
202320270,2020,8/19/2020,Wednesday,1700 NORTHSIDE DR NW,Berkeley Park,33.80121,-84.40791,13121,Fulton
202331595,2020,8/20/2020,Thursday,381 MORELAND AVE SE,Ormewood Park,33.74357,-84.34957,13121,Fulton
202332001,2020,8/20/2020,Thursday,1280 PEACHTREE ST NE @WOODRUFF ARTS CENTER,Midtown,33.78934,-84.38535,13121,Fulton
202330702,2020,8/20/2020,Thursday,180 TED TURNER DR SW,Downtown,33.74958,-84.39736,13121,Fulton
202331173,2020,8/20/2020,Thursday,850 OAK ST SW,Adams Park,33.70646,-84.45738,13121,Fulton
202340339,2020,8/21/2020,Friday,1041 MARTIN ST SE,Lakewood,33.69536,-84.37408,13121,Fulton
202341730,2020,8/21/2020,Friday,56 PEACHTREE VALLEY RD NE,,33.81095,-84.39123,13121,Fulton
202340999,2020,8/21/2020,Friday,2909 3RD AVE SW,Hammond Park,33.67641,-84.4054,13121,Fulton
202361717,2020,8/23/2020,Sunday,960 E PACES FERRY RD NE,Buckhead Heights,33.84691,-84.35618,13121,Fulton
202360687,2020,8/23/2020,Sunday,2125 HOLLYWOOD DR NW,Almond Park,33.78328,-84.45753,13121,Fulton
202371472,2020,8/24/2020,Monday,650 PONCE DE LEON AVE NE,Midtown,33.77469,-84.36561,13121,Fulton
202370295,2020,8/24/2020,Monday,870 PROCTOR ST NW,English Avenue,33.76482,-84.41609,13121,Fulton
202380313,2020,8/25/2020,Tuesday,3000 W ROXBORO RD NE,Pine Hills,33.8365,-84.34942,13121,Fulton
202380993,2020,8/25/2020,Tuesday,80 JESSE HILL JR DR SE,Downtown,33.75168,-84.38198,13121,Fulton
202390273,2020,8/26/2020,Wednesday,2430 CHESHIRE BRIDGE RD NE,Lindridge/Martin Manor,33.82115,-84.35224,13121,Fulton
202391246,2020,8/26/2020,Wednesday,605 BOULEVARD NE,Old Fourth Ward,33.77097,-84.3714,13121,Fulton
202391119,2020,8/26/2020,Wednesday,333 PETERS ST,Castleberry Hill,33.74581,-84.40396,13121,Fulton
202390683,2020,8/26/2020,Wednesday,2001 JAMES JACKSON PKWY NW,Riverside,33.81063,-84.47569,13121,Fulton
202401425,2020,8/27/2020,Thursday,937 HARWELL ST NW,Washington Park,33.75575,-84.41824,13121,Fulton
202401680,2020,8/27/2020,Thursday,1176 CHATTAHOOCHEE AVE NW,Blandtown,33.80058,-84.42561,13121,Fulton
202400817,2020,8/27/2020,Thursday,2125 HOLLYWOOD DR NW,Almond Park,33.78328,-84.45753,13121,Fulton
202410437,2020,8/28/2020,Friday,20D BROAD ST SW,Downtown,33.75312,-84.39208,13121,Fulton
202410529,2020,8/28/2020,Friday,1530 DODSON DR SW,Cascade Heights,33.71378,-84.47353,13121,Fulton
202411272,2020,8/28/2020,Friday,3120 CAMPBELLTON RD SW,Southwest,33.69204,-84.49085,13121,Fulton
202420109,2020,8/29/2020,Saturday,299 N HIGHLAND AVE NE,Inman Park,33.76198,-84.35846,13121,Fulton
202421904,2020,8/29/2020,Saturday,1634 LAKEWOOD AVE SE,Thomasville Heights,33.70058,-84.36002,13121,Fulton
202421560,2020,8/29/2020,Saturday,270 PONCE DE LEON AVE NE,Midtown,33.77265,-84.37841,13121,Fulton
202420279,2020,8/29/2020,Saturday,95 8TH ST NW,Midtown,33.78007,-84.39002,13121,Fulton
202421620,2020,8/29/2020,Saturday,1808 LANIER DR SW,Sylvan Hills,33.70563,-84.4254,13121,Fulton
202431052,2020,8/30/2020,Sunday,1865 CHESHIRE BRIDGE RD NE,Morningside/Lenox Park,33.80943,-84.36148,13121,Fulton
202431073,2020,8/30/2020,Sunday,938 FAIR ST SW,Ashview Heights,33.74888,-84.41831,13121,Fulton
202441390,2020,8/31/2020,Monday,171 AUBURN AVE NE,Downtown,33.75546,-84.38185,13121,Fulton
202440826,2020,8/31/2020,Monday,1126 OAK ST SW,West End,33.74067,-84.42446,13121,Fulton
202451472,2020,9/1/2020,Tuesday,330 LUCKIE ST NW,Downtown,33.76372,-84.39626,13121,Fulton
202450815,2020,9/1/2020,Tuesday,2160 BAGWELL DR SW,Polar Rock,33.69563,-84.39813,13121,Fulton
202451447,2020,9/1/2020,Tuesday,580 ATLANTA STUDENT MOVE BLVD SW,Atlanta University Center,33.74887,-84.40674,13121,Fulton
202450215,2020,9/1/2020,Tuesday,1083 WESTVIEW DR SW,Ashview Heights,33.74725,-84.42314,13121,Fulton
202460060,2020,9/2/2020,Wednesday,300 PEACHTREE ST NE,Downtown,33.76293,-84.38714,13121,Fulton
202460962,2020,9/2/2020,Wednesday,851 DONULLLD LEE HOLLOWELL PKWY NW,English Avenue,33.77322,-84.41529,13121,Fulton
202471713,2020,9/3/2020,Thursday,737 PONCE DE LEON AVE NE,Poncey-Highland,33.77348,-84.36289,13121,Fulton
202470487,2020,9/3/2020,Thursday,180 PONCE DE LEON AVE NE,Midtown,33.77285,-84.38149,13121,Fulton
202480185,2020,9/4/2020,Friday,150 10TH ST NE,Midtown,33.78185,-84.38199,13121,Fulton
202480221,2020,9/4/2020,Friday,28 7TH ST NE,Midtown,33.77893,-84.3864,13121,Fulton
202481222,2020,9/4/2020,Friday,612 LEE ST SW,West End,33.7388,-84.4136,13121,Fulton
202490635,2020,9/5/2020,Saturday,303 PARKWAY DR NE,Old Fourth Ward,33.76286,-84.37405,13121,Fulton
202490249,2020,9/5/2020,Saturday,181 ROSSER ST SW,Ashview Heights,33.74988,-84.42459,13121,Fulton
202490687,2020,9/5/2020,Saturday,921 WESTMORELAND CIR NW,West Highlands,33.79009,-84.44969,13121,Fulton
202490539,2020,9/5/2020,Saturday,2621 DONULLLD LEE HOLLOWELL PKWY NW,Center Hill,33.77617,-84.47272,13121,Fulton
202501141,2020,9/6/2020,Sunday,3334 PEACHTREE RD NE @ONE BUCKHEAD LOOP,North Buckhead,33.84911,-84.37075,13121,Fulton
202500383,2020,9/6/2020,Sunday,1861 PEACHTREE RD,South Tuxedo Park,33.84215,-84.37968,13121,Fulton
202510095,2020,9/7/2020,Monday,400 NORTHSIDE DR,Downtown,33.75657,-84.38034,13121,Fulton
202510424,2020,9/7/2020,Monday,2959 CAMPBELLTON RD SW,Southwest,33.69731,-84.48504,13121,Fulton
202520888,2020,9/8/2020,Tuesday,77 W PACES FERRY RD NW,South Tuxedo Park,33.84064,-84.38193,13121,Fulton
202521855,2020,9/8/2020,Tuesday,1197 JOSEPH E BOONE BLVD NW,Bankhead,33.7644,-84.42674,13121,Fulton
202531917,2020,9/9/2020,Wednesday,1829 CAMPBELLTON RD SW @VENETIAN HILLS APTS,Venetian Hills,33.71029,-84.44831,13121,Fulton
202531459,2020,9/9/2020,Wednesday,2060 ALISON CT SW,Campbellton Road,33.70042,-84.45512,13121,Fulton
202530954,2020,9/9/2020,Wednesday,855 OAK ST NW,Center Hill,33.77848,-84.46302,13121,Fulton
202541753,2020,9/10/2020,Thursday,2391 PEACHTREE RD NE,Peachtree Hills,33.8206,-84.3881,13121,Fulton
202541214,2020,9/10/2020,Thursday,283 JOSEPH E LOWERY BLVD NW,Washington Park,33.76216,-84.41775,13121,Fulton
202540982,2020,9/10/2020,Thursday,2328 CAMPBELLTON RD,Campbellton Road,33.70648,-84.45706,13121,Fulton
202571248,2020,9/12/2020,Saturday,50 MOUNT ZION RD SW @BRANDYWINE TOWNHOUS,Glenrose Heights,33.67086,-84.38939,13121,Fulton
202560318,2020,9/12/2020,Saturday,1365 BEATIE AVE SW,Capitol View,33.71756,-84.41111,13121,Fulton
202571748,2020,9/13/2020,Sunday,639 MOROSGO DRIVE,Lindbergh/Morosgo,33.82329,-84.36696,13121,Fulton
202570987,2020,9/13/2020,Sunday,107 CENTER ST NW,Downtown,33.76798,-84.39325,13121,Fulton
202570540,2020,9/13/2020,Sunday,576 MCAFEE ST NW,Downtown,33.76725,-84.39444,13121,Fulton
202562049,2020,9/13/2020,Sunday,488 COOPER ST SW,Mechanicsville,33.74215,-84.3981,13121,Fulton
202571029,2020,9/13/2020,Sunday,1975 HOWELL MILL RD NW,Channing Valley,33.80866,-84.41272,13121,Fulton
202580162,2020,9/14/2020,Monday,675 EVANS ST SW,West End,33.73662,-84.41586,13121,Fulton
202580057,2020,9/14/2020,Monday,2900 LANDRUM DR SW,Southwest,33.70623,-84.48372,13121,Fulton
202590305,2020,9/15/2020,Tuesday,265 PEACHTREE CENTER AVE NE @MARIOTT,Downtown,33.76158,-84.38496,13121,Fulton
202591311,2020,9/15/2020,Tuesday,230 18TH ST NW,Atlantic Station,33.79212,-84.39554,13121,Fulton
202590295,2020,9/15/2020,Tuesday,3537 MARTIN L KING JR DR NW,Adamsville,33.75819,-84.50327,13121,Fulton
202610733,2020,9/16/2020,Wednesday,1155 LAVISTA RD NE,Lindridge/Martin Manor,33.81806,-84.35082,13121,Fulton
202600153,2020,9/16/2020,Wednesday,1860 JOSEPH E BOONE BLVD NW,Dixie Hills,33.76352,-84.44765,13121,Fulton
202611863,2020,9/17/2020,Thursday,110 HILLARD ST.,Sweet Auburn,33.75277,-84.37546,13121,Fulton
202611539,2020,9/17/2020,Thursday,246 ROSSER,Ashview Heights,33.74824,-84.42414,13121,Fulton
202610545,2020,9/17/2020,Thursday,1720 MARTIN L KING JR DR SW,Mozley Park,33.75083,-84.44341,13121,Fulton
202610180,2020,9/17/2020,Thursday,138 LAMAR AVE NW,Dixie Hills,33.75506,-84.45935,13121,Fulton
202630013,2020,9/18/2020,Friday,2143 PEACHTREE RD NE,,33.81262,-84.39195,13121,Fulton
202621717,2020,9/18/2020,Friday,2052 RUTH STREET NW,Grove Park,33.78558,-84.45454,13121,Fulton
202631419,2020,9/18/2020,Friday,3297 CASCADE RD SW,Magnum Manor,33.72189,-84.49606,13121,Fulton
202630978,2020,9/19/2020,Saturday,2980 JONESBORO RD SE,South River Gardens,33.67339,-84.37144,13121,Fulton
202630433,2020,9/19/2020,Saturday,150 10TH ST NE,Midtown,33.78185,-84.38199,13121,Fulton
202630366,2020,9/19/2020,Saturday,2685 METROPOLITAN PKWY SW,Perkerson,33.68274,-84.40902,13121,Fulton
202630483,2020,9/19/2020,Saturday,266 SCIPLE TER NW,Vine City,33.76194,-84.41534,13121,Fulton
202630557,2020,9/19/2020,Saturday,1276 JOSEPH E BOONE BLVD NW,Bankhead,33.76398,-84.42895,13121,Fulton
202641773,2020,9/20/2020,Sunday,400 LUCKIE ST NW,Downtown,33.76724,-84.39807,13121,Fulton
202641606,2020,9/20/2020,Sunday,4004 BOULDER PARK DR SW,Wildwood (NPU-H),33.74723,-84.51887,13121,Fulton
202651358,2020,9/21/2020,Monday,301 CONNULLLLY ST SE,Capitol Gateway,33.74637,-84.38167,13121,Fulton
202650959,2020,9/21/2020,Monday,20 GRIFFIN ST NW,Vine City,33.75526,-84.41215,13121,Fulton
202651796,2020,9/21/2020,Monday,1355 RALPH D ABERNULLTHY BLVD SW,West End,33.7394,-84.43203,13121,Fulton
202661450,2020,9/22/2020,Tuesday,3280 PEACHTREE RD NE,Peachtree Park,33.84373,-84.37137,13121,Fulton
202661776,2020,9/22/2020,Tuesday,25 PEACHTREE ST SE,Downtown,33.75445,-84.38954,13121,Fulton
202661537,2020,9/22/2020,Tuesday,1270 NORTH AVE NW,Bankhead,33.76793,-84.42902,13121,Fulton
202670758,2020,9/23/2020,Wednesday,3121 BROWNS MILL RD,Glenrose Heights,33.67044,-84.38141,13121,Fulton
202671710,2020,9/23/2020,Wednesday,1029 MARTIN LUTHER KING JUNIOR DR,Washington Park,33.755,-84.42151,13121,Fulton
202681679,2020,9/24/2020,Thursday,813 MAGNOLIA WAY NW,Vine City,33.75823,-84.41416,13121,Fulton
202690638,2020,9/25/2020,Friday,502 PRYOR ST SW,Mechanicsville,33.74114,-84.39442,13121,Fulton
202711262,2020,9/25/2020,Friday,"2531 Piedmont Rd NE, Atlanta, GA 30324",Downtown,33.74816,-84.39459,13121,Fulton
202690086,2020,9/25/2020,Friday,1812 HONEYSUCKLE LN SW,Campbellton Road,33.7061,-84.45387,13121,Fulton
202701175,2020,9/26/2020,Saturday,396 PIEDMONT AVE NE,Downtown,33.76526,-84.38216,13121,Fulton
202702104,2020,9/26/2020,Saturday,302 PETERS ST SW,English Avenue,33.7638,-84.40349,13121,Fulton
202700278,2020,9/26/2020,Saturday,1784 DEFOOR AVE NW,Underwood Hills,33.80445,-84.42175,13121,Fulton
202701016,2020,9/26/2020,Saturday,2909 CAMPBELLTON RD SW,Southwest,33.69869,-84.48265,13121,Fulton
202701241,2020,9/26/2020,Saturday,3050 MARTIN L KING JR DR SW,Harland Terrace,33.75177,-84.4857,13121,Fulton
202721063,2020,9/27/2020,Sunday,761 SIDNEY MARCUS BLVD,Lindbergh/Morosgo,33.82545,-84.36218,13121,Fulton
202710456,2020,9/27/2020,Sunday,173 WOODWARD AVE SE,Capitol Gateway,33.74551,-84.38232,13121,Fulton
202711723,2020,9/27/2020,Sunday,1715 NORTHSIDE DR NW,Loring Heights,33.80181,-84.4071,13121,Fulton
202710706,2020,9/27/2020,Sunday,1474 BEECHER ST SW,Oakland City,33.73317,-84.43587,13121,Fulton
202720208,2020,9/28/2020,Monday,2940 PIEDMONT RD NE,Garden Hills,33.83472,-84.36811,13121,Fulton
202720265,2020,9/28/2020,Monday,210 8TH ST NW,Georgia Tech,33.77968,-84.392,13121,Fulton
202720157,2020,9/28/2020,Monday,LUCKIE ST NW / MILLS ST NW,Downtown,33.76534,-84.39613,13121,Fulton
202720096,2020,9/28/2020,Monday,1222 W MARIETTA ST NW,Knight Park/Howell Station,33.78604,-84.42737,13121,Fulton
202721632,2020,9/28/2020,Monday,3 FAIRBURN RD SW,Adamsville,33.75929,-84.50557,13121,Fulton
202730155,2020,9/29/2020,Tuesday,556 NORTHSIDE DR SW,Pittsburgh,33.74007,-84.40778,13121,Fulton
202730958,2020,9/29/2020,Tuesday,2002 HOWELL MILL RD NW,Wildwood (NPU-C),33.80963,-84.41315,13121,Fulton
202731279,2020,9/29/2020,Tuesday,914 HALL ST NW,Almond Park,33.78006,-84.46611,13121,Fulton
202740648,2020,9/29/2020,Tuesday,62 HARWELL RD NW,,33.754551,-84.493895,13121,Fulton
202731546,2020,9/29/2020,Tuesday,3830 PRINCETON LAKES PKWY SW,Princeton Lakes,33.65639,-84.51271,13121,Fulton
202771117,2020,9/30/2020,Wednesday,804 JETT ST NW,English Avenue,33.767149,-84.413717,13121,Fulton
202740619,2020,9/30/2020,Wednesday,1825 DELOWE DR,Campbellton Road,33.705421,-84.457908,13121,Fulton
202741720,2020,9/30/2020,Wednesday,1888 HOLLYWOOD RD NW,Riverside,33.80714,-84.471539,13121,Fulton
202751451,2020,10/1/2020,Thursday,502 PINE ST SE,Old Fourth Ward,33.767667,-84.375462,13121,Fulton
202820868,2020,10/1/2020,Thursday,215 PEACHTREE ST,Downtown,33.759749,-84.387157,13121,Fulton
202750860,2020,10/1/2020,Thursday,76 WALL ST SE,Downtown,33.752923,-84.38845,13121,Fulton
202752065,2020,10/1/2020,Thursday,250 FULTON ST SW,Mechanicsville,33.741572,-84.396366,13121,Fulton
202751901,2020,10/1/2020,Thursday,1938 METROPOLITAN PKWY SW,Sylvan Hills,33.70158,-84.407758,13121,Fulton
202750191,2020,10/1/2020,Thursday,2909 CAMPBELLTON RD SW,Southwest,33.700792,-84.483046,13121,Fulton
202751731,2020,10/1/2020,Thursday,3616 GINNIS RD,Fairburn Mays,33.731591,-84.511801,13121,Fulton
202762035,2020,10/2/2020,Friday,2400 PARKLAND DR NE,Lindbergh/Morosgo,33.81993,-84.36587,13121,Fulton
202760342,2020,10/2/2020,Friday,201 MOURY AVE SE,The Villages at Carver,33.71595,-84.391615,13121,Fulton
202760452,2020,10/2/2020,Friday,201 MOURY AVE SE,The Villages at Carver,33.71595,-84.391615,13121,Fulton
202761574,2020,10/2/2020,Friday,825 MCDANIEL ST SW,Pittsburgh,33.73236,-84.402205,13121,Fulton
202762190,2020,10/2/2020,Friday,327 PETERS ST SW,Castleberry Hill,33.745834,-84.403822,13121,Fulton
202761085,2020,10/2/2020,Friday,609 CASCADE AVE SW,Westview,33.738959,-84.434621,13121,Fulton
202761206,2020,10/2/2020,Friday,1563 WESTWOOD AVE SW,Westview,33.738875,-84.439031,13121,Fulton
202770895,2020,10/3/2020,Saturday,840 MCDONOUGH BLVD SE,Custer/McDonough/Guice,33.708832,-84.359031,13121,Fulton
202771651,2020,10/3/2020,Saturday,SELLS AVE SW & LAWTON ST SW,West End,33.745283,-84.423319,13121,Fulton
202771341,2020,10/3/2020,Saturday,1111 OAK ST SW,West End,33.741665,-84.42416,13121,Fulton
202780340,2020,10/4/2020,Sunday,972 EISENHOWER RD SE,South River Gardens,33.656841,-84.358087,13121,Fulton
202780470,2020,10/4/2020,Sunday,1905 PIEDMONT RD NE,Morningside/Lenox Park,33.809717,-84.365521,13121,Fulton
202780934,2020,10/4/2020,Sunday,960 SPRING ST NW,Midtown,33.780893,-84.389168,13121,Fulton
202780778,2020,10/4/2020,Sunday,50 ALABAMA ST SW,Downtown,33.751869,-84.389642,13121,Fulton
202780260,2020,10/4/2020,Sunday,231 SCIPLE TERRACE NW,Vine City,33.761064,-84.414825,13121,Fulton
202781026,2020,10/4/2020,Sunday,1325 DONULLLD LEE HOLLOWELL PKWY NW,,33.772593,-84.431196,13121,Fulton
202781403,2020,10/4/2020,Sunday,1355 RALPH DAVID ABERNULLTHY BLVD SW,West End,33.739416,-84.432201,13121,Fulton
202781564,2020,10/4/2020,Sunday,445 WESTMEATH DR SW,Westview,33.743116,-84.44625,13121,Fulton
202781049,2020,10/4/2020,Sunday,2120 SOUTHWOOD BLVD SW,Ben Hill Terrace,33.696022,-84.519287,13121,Fulton
202791621,2020,10/5/2020,Monday,1801 HOWELL MILL RD NW,Berkeley Park,33.80423,-84.412846,13121,Fulton
202790262,2020,10/5/2020,Monday,550 LINDSAY ST NW,English Avenue,33.769772,-84.416757,13121,Fulton
202801921,2020,10/6/2020,Tuesday,330 EDGEWOOD AVE SE,Sweet Auburn,33.754621,-84.376834,13121,Fulton
202810281,2020,10/7/2020,Wednesday,3819 JONESBORO RD SE,South River Gardens,33.650292,-84.366814,13121,Fulton
202811594,2020,10/7/2020,Wednesday,12 BROAD ST SW,Downtown,33.75445,-84.391383,13121,Fulton
202811884,2020,10/7/2020,Wednesday,1077 HEMPHILL AVE NW,Home Park,33.784224,-84.40555,13121,Fulton
202810569,2020,10/7/2020,Wednesday,3221 M.L.K. JR DR SW,,33.752518,-84.491978,13121,Fulton
202811633,2020,10/7/2020,Wednesday,3450 CASCADE RD SW,Horseshoe Community,33.721623,-84.497609,13121,Fulton
202820306,2020,10/8/2020,Thursday,2255 LENOX RD NE,Lindridge/Martin Manor,33.815952,-84.351262,13121,Fulton
202821784,2020,10/8/2020,Thursday,2610 METROPOLITAN PKWY SW,Perkerson,33.683335,-84.407356,13121,Fulton
202821722,2020,10/8/2020,Thursday,150 HOLDERNESS ST SW,Ashview Heights,33.750183,-84.426208,13121,Fulton
202820057,2020,10/8/2020,Thursday,645 CASCADE AVE SW,Westview,33.737633,-84.436098,13121,Fulton
202871131,2020,10/8/2020,Thursday,659 ROBERT ST NW,Center Hill,33.773126,-84.472164,13121,Fulton
202831239,2020,10/9/2020,Friday,815 SIDNEY MARCUS BLVD NE,Lindbergh/Morosgo,33.824227,-84.360941,13121,Fulton
202831704,2020,10/9/2020,Friday,1058 HOWELL MILL RD NW,Home Park,33.783608,-84.412117,13121,Fulton
202841212,2020,10/10/2020,Saturday,2205 CHESHIRE BRIDGE RD NE,Lindridge/Martin Manor,33.815106,-84.352603,13121,Fulton
202840391,2020,10/10/2020,Saturday,907 ARGONNE AVE NE,Midtown,33.779375,-84.377307,13121,Fulton
202840460,2020,10/10/2020,Saturday,232 FORSYTH ST SW,Downtown,33.74854,-84.396366,13121,Fulton
202840414,2020,10/10/2020,Saturday,520 FULTON ST SW,Mechanicsville,33.740567,-84.404668,13121,Fulton
202841520,2020,10/10/2020,Saturday,548 NORTHSIDE DR NW,English Avenue,33.769585,-84.405058,13121,Fulton
202841884,2020,10/10/2020,Saturday,200 ANDREW J HAIRSTON BLVD NW,Vine City,33.760445,-84.414051,13121,Fulton
202840415,2020,10/10/2020,Saturday,1801 DELOWE DR,Campbellton Road,33.705829,-84.457673,13121,Fulton
202850040,2020,10/11/2020,Sunday,3295 ROSWELL RD NE,Buckhead Forest,33.84497,-84.379917,13121,Fulton
202851837,2020,10/11/2020,Sunday,221 PEACHTREE CENTER AVE NE,Downtown,33.760412,-84.385539,13121,Fulton
202851759,2020,10/11/2020,Sunday,500 NORTHSIDE CIR NW,Loring Heights,33.800646,-84.401668,13121,Fulton
202850475,2020,10/11/2020,Sunday,1145 LUCILE AVE SW,West End,33.742545,-84.42535,13121,Fulton
202860272,2020,10/12/2020,Monday,1016 HOWELL MILL RD NW,Home Park,33.782297,-84.411761,13121,Fulton
202860858,2020,10/12/2020,Monday,507 JOSEPH E LOWERY BLVD SW,West End,33.740978,-84.418108,13121,Fulton
202871933,2020,10/13/2020,Tuesday,265 PONCE DE LEON AVE NE,Midtown,33.771684,-84.378393,13121,Fulton
202870279,2020,10/13/2020,Tuesday,1016 HOWELL MILL RD,Home Park,33.782265,-84.411768,13121,Fulton
202870205,2020,10/13/2020,Tuesday,1856 WELLS DR SW,Southwest,33.704679,-84.468085,13121,Fulton
202870537,2020,10/13/2020,Tuesday,2460 M.L.K. JR DR SW,Harland Terrace,33.751991,-84.468572,13121,Fulton
202881049,2020,10/14/2020,Wednesday,2825 WATERS RD SW,Glenrose Heights,33.67769,-84.392123,13121,Fulton
202880085,2020,10/14/2020,Wednesday,633 PRYOR ST SW,Mechanicsville,33.737536,-84.394919,13121,Fulton
202881186,2020,10/14/2020,Wednesday,195 FAIRBURN RD NW,Adamsville,33.761069,-84.504255,13121,Fulton
202891982,2020,10/15/2020,Thursday,3050 M.L.K. JR DR SW,Harland Terrace,33.75106,-84.486163,13121,Fulton
202901292,2020,10/16/2020,Friday,3393 PEACHTREE RD,Lenox,33.846516,-84.362679,13121,Fulton
202900920,2020,10/16/2020,Friday,3050 M.L.K. JR DR SW,Harland Terrace,33.75106,-84.486163,13121,Fulton
202910317,2020,10/17/2020,Saturday,612 LEE ST SW,West End,33.738795,-84.413614,13121,Fulton
202930593,2020,10/17/2020,Saturday,1033 HOLLYWOOD RD NW,Almond Park,33.786497,-84.458512,13121,Fulton
202910602,2020,10/17/2020,Saturday,2099 FAIRBURN RD SW,Kings Forest,33.697696,-84.5102,13121,Fulton
202920087,2020,10/18/2020,Sunday,3819 JONESBORO RD SE,South River Gardens,33.650292,-84.366814,13121,Fulton
202921708,2020,10/18/2020,Sunday,580 WOODWARD AVE SE,Grant Park,33.745638,-84.368457,13121,Fulton
202920644,2020,10/18/2020,Sunday,2960 PIEDMONT RD NE,Garden Hills,33.834911,-84.369278,13121,Fulton
202920166,2020,10/18/2020,Sunday,915 W PEACHTREE ST NE,Midtown,33.786699,-84.387807,13121,Fulton
202920560,2020,10/18/2020,Sunday,2144 PEACHTREE RD NW,,33.813442,-84.39324,13121,Fulton
202920447,2020,10/18/2020,Sunday,1218 JOSEPH E. BOONE BLVD NW,Hunter Hills,33.763238,-84.427362,13121,Fulton
202921150,2020,10/18/2020,Sunday,3181 DONULLLD LEE HOLLOWELL PKWY NW,Brookview Heights,33.786364,-84.490252,13121,Fulton
202930124,2020,10/19/2020,Monday,595 PIEDMONT AVE NE,Old Fourth Ward,33.770357,-84.381158,13121,Fulton
202931344,2020,10/19/2020,Monday,1999 BENT CREEK WAY SW,Campbellton Road,33.701051,-84.466464,13121,Fulton
202941881,2020,10/20/2020,Tuesday,17 BAKER ST NW,Downtown,33.76293,-84.38829,13121,Fulton
202951862,2020,10/21/2020,Wednesday,3334 PEACHTREE RD NE,North Buckhead,33.849111,-84.370944,13121,Fulton
202951715,2020,10/21/2020,Wednesday,300 TED TURNER DR NW,Downtown,33.762632,-84.389613,13121,Fulton
202962200,2020,10/22/2020,Thursday,239 IVAN ALLEN JR BLVD NW,Downtown,33.764975,-84.395022,13121,Fulton
202962290,2020,10/22/2020,Thursday,1176 CHATTAHOOCHEE AVE NW,Blandtown,33.800672,-84.425432,13121,Fulton
202961974,2020,10/22/2020,Thursday,1993 BENT CREEK WAY SW,Campbellton Road,33.700971,-84.465883,13121,Fulton
202971572,2020,10/23/2020,Friday,464 WINDSOR ST SW,Mechanicsville,33.742237,-84.397834,13121,Fulton
202972316,2020,10/23/2020,Friday,45 JAMES P BRAWLEY DR NW,Vine City,33.755913,-84.412527,13121,Fulton
202972142,2020,10/23/2020,Friday,1794 WILLIS MILL RD SW,Adams Park,33.706624,-84.46827,13121,Fulton
202971930,2020,10/23/2020,Friday,605 FERN BROOKS DR SW,Midwest Cascade,33.733414,-84.537229,13121,Fulton
202981562,2020,10/24/2020,Saturday,260 FULTON ST SW,Mechanicsville,33.741351,-84.39652,13121,Fulton
202980495,2020,10/24/2020,Saturday,3041 LANDRUM DR SW,Southwest,33.707919,-84.487125,13121,Fulton
202980137,2020,10/24/2020,Saturday,683 SKIPPER DR NW,Collier Heights,33.773886,-84.490159,13121,Fulton
202990430,2020,10/25/2020,Sunday,1683 LAKEWOOD AVE SE,Lakewood Heights,33.707976,-84.3802,13121,Fulton
202990958,2020,10/25/2020,Sunday,210 PETERS ST SW,Castleberry Hill,33.748749,-84.399629,13121,Fulton
203001748,2020,10/26/2020,Monday,878 NORWOOD RD SE,Norwood Manor,33.697224,-84.360818,13121,Fulton
203001650,2020,10/26/2020,Monday,232 19TH ST NW,Atlantic Station,33.793186,-84.395515,13121,Fulton
203000611,2020,10/26/2020,Monday,1165 EGGLESTON ST SW,West End,33.739964,-84.426006,13121,Fulton
203011634,2020,10/27/2020,Tuesday,740 SIDNEY MARCUS BLVD NE,Lindbergh/Morosgo,33.827311,-84.363734,13121,Fulton
203010278,2020,10/27/2020,Tuesday,1570 PIEDMONT AVE NE,Morningside/Lenox Park,33.796922,-84.369144,13121,Fulton
203020004,2020,10/27/2020,Tuesday,1940 NORTHSIDE DR NW,Channing Valley,33.808334,-84.408279,13121,Fulton
203010336,2020,10/27/2020,Tuesday,3263 DONULLLD LEE HOLLOWELL PKWY NW,English Park,33.788072,-84.493663,13121,Fulton
203020135,2020,10/28/2020,Wednesday,44 8TH ST NW,Midtown,33.779553,-84.38881,13121,Fulton
203020456,2020,10/28/2020,Wednesday,135 ANDREW YOUNG INTERNULLTIONULLL BLVD NW,Downtown,33.759912,-84.391779,13121,Fulton
203032590,2020,10/29/2020,Thursday,300 PEACHTREE ST NE,Downtown,33.7625,-84.387778,13121,Fulton
203042044,2020,10/29/2020,Thursday,32 BAKER ST NW,Downtown,33.762257,-84.388879,13121,Fulton
203030754,2020,10/29/2020,Thursday,1302 RALPH DAVID ABERNULLTHY BLVD SW,West End,33.738593,-84.430355,13121,Fulton
203030935,2020,10/29/2020,Thursday,3871 REDWINE RD SW,Princeton Lakes,33.661114,-84.512171,13121,Fulton
203041003,2020,10/30/2020,Friday,545 LEE ST SW,West End,33.740056,-84.414417,13121,Fulton
203051698,2020,10/31/2020,Saturday,520 BOULEVARD SE,Grant Park,33.740755,-84.367595,13121,Fulton
203051245,2020,10/31/2020,Saturday,267 MARIETTA ST NW,Downtown,33.760776,-84.394529,13121,Fulton
203051202,2020,10/31/2020,Saturday,232 FORSYTH ST SW,Downtown,33.74854,-84.396366,13121,Fulton
203060244,2020,11/1/2020,Sunday,232 FORSYTH ST SW,Downtown,33.74854,-84.396366,13121,Fulton
203070580,2020,11/1/2020,Sunday,532 CLEVELAND AVE SW,Hammond Park,33.678873,-84.406433,13121,Fulton
203060006,2020,11/1/2020,Sunday,763 CATHERINE ST SW,Adair Park,33.726005,-84.412571,13121,Fulton
203061227,2020,11/1/2020,Sunday,3056 IMPERIAL CIR SW,Southwest,33.699227,-84.495486,13121,Fulton
203101269,2020,11/2/2020,Monday,498 SEMINOLE AVE NE,Inman Park,33.765877,-84.349493,13121,Fulton
203071123,2020,11/2/2020,Monday,540 17TH ST NW,Loring Heights,33.791135,-84.406885,13121,Fulton
203071298,2020,11/2/2020,Monday,895 JOSEPH E. BOONE BLVD NW,English Avenue,33.76368,-84.416877,13121,Fulton
203071679,2020,11/2/2020,Monday,3090 CAMPBELLTON RD SW,Southwest,33.693357,-84.489052,13121,Fulton
203081665,2020,11/3/2020,Tuesday,791 WYLIE ST SE,Reynoldstown,33.752521,-84.361005,13121,Fulton
203081580,2020,11/3/2020,Tuesday,73 WADDELL ST NE,Inman Park,33.756102,-84.363015,13121,Fulton
203080208,2020,11/3/2020,Tuesday,2025 PEACHTREE RD NE,Buckhead Village,33.839652,-84.379528,13121,Fulton
203081446,2020,11/3/2020,Tuesday,2786 OLD HAPEVILLE RD SW,Glenrose Heights,33.678873,-84.392548,13121,Fulton
203080124,2020,11/3/2020,Tuesday,232 FORSYTH ST SW,Downtown,33.74854,-84.396366,13121,Fulton
203080144,2020,11/3/2020,Tuesday,1132 GARIBALDI ST SW,Pittsburgh,33.724054,-84.398983,13121,Fulton
203081584,2020,11/3/2020,Tuesday,1531 CAMPBELLTON RD SW,Venetian Hills,33.713262,-84.438621,13121,Fulton
203080216,2020,11/3/2020,Tuesday,3810 CAMPBELLTON RD SW,,33.690262,-84.513473,13121,Fulton
203090135,2020,11/4/2020,Wednesday,18 JACKSON ST NE,Sweet Auburn,33.754847,-84.374638,13121,Fulton
203091949,2020,11/4/2020,Wednesday,180 JACKSON ST NE,Sweet Auburn,33.758308,-84.374658,13121,Fulton
203090730,2020,11/4/2020,Wednesday,610 SPRING ST NW,Downtown,33.770904,-84.389521,13121,Fulton
203091626,2020,11/4/2020,Wednesday,600 GREENSFERRY AVE SW,The Villages at Castleberry Hill,33.746732,-84.408349,13121,Fulton
203090907,2020,11/4/2020,Wednesday,187 BROWNLEE RD SW,Adamsville,33.7515,-84.500445,13121,Fulton
203090045,2020,11/4/2020,Wednesday,3390 FAIRBURN RD SW,Ben Hill,33.66147,-84.52333,13121,Fulton
203101202,2020,11/5/2020,Thursday,97 ESTORIA ST SE,Cabbagetown,33.75201,-84.363447,13121,Fulton
203101660,2020,11/5/2020,Thursday,701 HIGHLAND AVE NE,Old Fourth Ward,33.760912,-84.364647,13121,Fulton
203101674,2020,11/5/2020,Thursday,623 IRWIN ST NE,Old Fourth Ward,33.757507,-84.366699,13121,Fulton
203100038,2020,11/5/2020,Thursday,293 PHARR RD NE,Garden Hills,33.836857,-84.378128,13121,Fulton
203101011,2020,11/5/2020,Thursday,200 TED TURNER DR NW,Downtown,33.759815,-84.389272,13121,Fulton
203100012,2020,11/5/2020,Thursday,3041 LANDRUM DR SW,Southwest,33.707919,-84.487125,13121,Fulton
203110067,2020,11/6/2020,Friday,240 NORTH HIGHLAND AVENUE NORTHEAST,Inman Park,33.761899,-84.360387,13121,Fulton
203111649,2020,11/6/2020,Friday,3393 PEACHTREE RD NE,Lenox,33.846335,-84.363578,13121,Fulton
203120345,2020,11/7/2020,Saturday,2470 CHESHIRE BRIDGE RD NE,Lindridge/Martin Manor,33.822301,-84.35211,13121,Fulton
203120389,2020,11/7/2020,Saturday,2280 CHESHIRE BRIDGE RD NE,Lindridge/Martin Manor,33.817499,-84.352263,13121,Fulton
203120493,2020,11/7/2020,Saturday,1544 PIEDMONT AVE NE,Piedmont Heights,33.798058,-84.370654,13121,Fulton
203120301,2020,11/7/2020,Saturday,510 WHITEHALL ST SW,Mechanicsville,33.743246,-84.404257,13121,Fulton
203131832,2020,11/8/2020,Sunday,499 ANSLEY CT NE,Piedmont Heights,33.800965,-84.370851,13121,Fulton
203131614,2020,11/8/2020,Sunday,411 PARKWAY DR NE,Old Fourth Ward,33.765587,-84.373057,13121,Fulton
203130308,2020,11/8/2020,Sunday,1345 PIEDMONT AVE NE,,33.790041,-84.373801,13121,Fulton
203131907,2020,11/8/2020,Sunday,240 TONI PL SE,Browns Mill Park,33.687553,-84.381526,13121,Fulton
203141654,2020,11/9/2020,Monday,68 WALTON ST NW,Downtown,33.756358,-84.390878,13121,Fulton
203140186,2020,11/9/2020,Monday,795 POLLARD BLVD SW,Summerhill,33.732997,-84.391286,13121,Fulton
203140599,2020,11/9/2020,Monday,1120 RALPH DAVID ABERNULLTHY BLVD SW,West End,33.737982,-84.424529,13121,Fulton
203141276,2020,11/9/2020,Monday,2784 DONULLLD LEE HOLLOWELL PKWY NW,Collier Heights,33.779335,-84.479666,13121,Fulton
203141769,2020,11/9/2020,Monday,3041 LANDRUM DR SW,Southwest,33.707919,-84.487125,13121,Fulton
203151867,2020,11/10/2020,Tuesday,600 HUMPHRIES ST SW,Mechanicsville,33.738571,-84.404521,13121,Fulton
203150576,2020,11/10/2020,Tuesday,132 JOSEPH E. LOWERY BLVD NW,Washington Park,33.758674,-84.417779,13121,Fulton
203160841,2020,11/11/2020,Wednesday,862 CARTER ST NW,Vine City,33.756309,-84.415994,13121,Fulton
203180045,2020,11/12/2020,Thursday,960 CONSTITUTION RD SE,Norwood Manor,33.695295,-84.356711,13121,Fulton
203171607,2020,11/12/2020,Thursday,3390 STRATFORD RD NE,North Buckhead,33.849823,-84.36743,13121,Fulton
203170263,2020,11/12/2020,Thursday,2274 BROOKS AVE NW,Almond Park,33.784188,-84.463407,13121,Fulton
203181653,2020,11/13/2020,Friday,111 BOULEVARD NE,Old Fourth Ward,33.757366,-84.371929,13121,Fulton
203180899,2020,11/13/2020,Friday,285 CENTENNIAL OLYMPIC PARK DR NW,Downtown,33.762604,-84.391713,13121,Fulton
203190214,2020,11/13/2020,Friday,898 PROCTOR ST NW,English Avenue,33.764812,-84.416877,13121,Fulton
203181891,2020,11/13/2020,Friday,415 TEMPLE ST NW,Bankhead,33.765859,-84.42176,13121,Fulton
203182097,2020,11/13/2020,Friday,ELLEN ST NW,Hills Park,33.803609,-84.445198,13121,Fulton
203181478,2020,11/13/2020,Friday,2524 M.L.K. JR DR SW,Harland Terrace,33.751499,-84.470668,13121,Fulton
203182078,2020,11/13/2020,Friday,2909 CAMPBELLTON RD SW,Southwest,33.700792,-84.483046,13121,Fulton
203190455,2020,11/14/2020,Saturday,3478 LAKESIDE DR NE,Buckhead Heights,33.848286,-84.357037,13121,Fulton
203190284,2020,11/14/2020,Saturday,661 AUBURN AVE NE,Old Fourth Ward,33.755649,-84.365603,13121,Fulton
203191114,2020,11/14/2020,Saturday,532 CLEVELAND AVE SW,Hammond Park,33.678873,-84.406433,13121,Fulton
203200188,2020,11/15/2020,Sunday,2297 CHESHIRE BRIDGE RD NE,Lindridge/Martin Manor,33.817511,-84.351473,13121,Fulton
203201530,2020,11/15/2020,Sunday,2459 PIEDMONT RD NE,Lindbergh/Morosgo,33.822552,-84.367041,13121,Fulton
203200886,2020,11/15/2020,Sunday,282 LANGHORN ST SW,West End,33.746908,-84.429936,13121,Fulton
203221820,2020,11/17/2020,Tuesday,1922 PIEDMONT CIR NE,Piedmont Heights,33.80899,-84.367667,13121,Fulton
203231491,2020,11/18/2020,Wednesday,1469 CAMPBELLTON RD SW,Venetian Hills,33.714063,-84.43659,13121,Fulton
203241823,2020,11/19/2020,Thursday,1080 EUCLID AVE NE,Inman Park,33.764149,-84.351688,13121,Fulton
203241934,2020,11/19/2020,Thursday,311 COURTLAND ST NE,Downtown,33.763024,-84.38365,13121,Fulton
203241665,2020,11/19/2020,Thursday,807 CASCADE AVE SW,Cascade Avenue/Road,33.733202,-84.438231,13121,Fulton
203250823,2020,11/20/2020,Friday,3097 MAPLE DR NE,Buckhead Village,33.839968,-84.371496,13121,Fulton
203251870,2020,11/20/2020,Friday,256 GLENN ST SW,Mechanicsville,33.737906,-84.395412,13121,Fulton
203250991,2020,11/20/2020,Friday,2925 LAKEWOOD AVE SW,Polar Rock,33.697369,-84.401974,13121,Fulton
203250958,2020,11/20/2020,Friday,195 FAIRBURN RD NW,Adamsville,33.761069,-84.504255,13121,Fulton
203260319,2020,11/21/2020,Saturday,1400 W PEACHTREE ST NW,Midtown,33.792888,-84.388315,13121,Fulton
203262108,2020,11/21/2020,Saturday,930 SPRING ST NW,Midtown,33.779952,-84.389521,13121,Fulton
203260513,2020,11/21/2020,Saturday,930 SPRING ST NW,Midtown,33.779952,-84.389521,13121,Fulton
203260220,2020,11/21/2020,Saturday,2950 M.L.K. JR DR SW,Harland Terrace,33.753037,-84.484076,13121,Fulton
203271532,2020,11/22/2020,Sunday,501 PIEDMONT AVE NE,Downtown,33.76813,-84.382366,13121,Fulton
203271065,2020,11/22/2020,Sunday,1700 STANTON RD SW,,33.70865,-84.443507,13121,Fulton
203270097,2020,11/22/2020,Sunday,1097 HARWELL RD NW,Collier Heights,33.785212,-84.491125,13121,Fulton
203280712,2020,11/23/2020,Monday,2885 LAKEWOOD AVE SW,Sylvan Hills,33.697977,-84.410516,13121,Fulton
203280546,2020,11/23/2020,Monday,2080 CAMPBELLTON RD SW,Campbellton Road,33.705236,-84.45685,13121,Fulton
203281645,2020,11/23/2020,Monday,2215 WINGATE ST SW,Florida Heights,33.748936,-84.460562,13121,Fulton
203290594,2020,11/24/2020,Tuesday,1000 PARK AVE NE,North Buckhead,33.855121,-84.361961,13121,Fulton
203291635,2020,11/24/2020,Tuesday,1359 MECASLIN ST NW,Atlantic Station,33.78913,-84.400053,13121,Fulton
203291590,2020,11/24/2020,Tuesday,2 JOSEPH E. LOWERY BLVD NW,Washington Park,33.754908,-84.417718,13121,Fulton
203311109,2020,11/26/2020,Thursday,785 LEE ST SW,West End,33.733613,-84.414517,13121,Fulton
203310648,2020,11/26/2020,Thursday,3121 CAMPBELLTON RD SW,Southwest,33.692358,-84.49126,13121,Fulton
203321318,2020,11/27/2020,Friday,817 HOLLYWOOD RD NW,Grove Park,33.777638,-84.450515,13121,Fulton
203331643,2020,11/28/2020,Saturday,800 GLENWOOD AVE SE,Grant Park,33.742227,-84.359791,13121,Fulton
203331591,2020,11/28/2020,Saturday,2525 PIEDMONT RD NE,Lindbergh/Morosgo,33.824018,-84.365306,13121,Fulton
203330077,2020,11/28/2020,Saturday,652 MIAMI CIR NE,Lindbergh/Morosgo,33.828942,-84.365802,13121,Fulton
203340866,2020,11/28/2020,Saturday,101 VERANDA CIR SE,Sweet Auburn,33.751635,-84.378148,13121,Fulton
203340306,2020,11/29/2020,Sunday,232 FORSYTH ST SW,Downtown,33.74854,-84.396366,13121,Fulton
203350813,2020,11/30/2020,Monday,1683 LAKEWOOD AVE SE,Lakewood Heights,33.707976,-84.3802,13121,Fulton
203360694,2020,12/1/2020,Tuesday,3160 GREENBRIAR PKWY SW,Greenbriar,33.68606,-84.492884,13121,Fulton
203370129,2020,12/2/2020,Wednesday,1080 EUCLID AVE NE,Inman Park,33.764149,-84.351688,13121,Fulton
203371253,2020,12/2/2020,Wednesday,464 BISHOP ST NW,Loring Heights,33.792533,-84.40319,13121,Fulton
203381424,2020,12/3/2020,Thursday,343 JOSEPH E LOWERY BLVD SW,Ashview Heights,33.745665,-84.417821,13121,Fulton
203380252,2020,12/3/2020,Thursday,1222 WEST MARIETTA ST NW,Knight Park/Howell Station,33.786038,-84.427329,13121,Fulton
203380074,2020,12/3/2020,Thursday,2098 CAMPBELLTON RD SW,Campbellton Road,33.706678,-84.456082,13121,Fulton
203390202,2020,12/4/2020,Friday,1919 METROPOLITAN PKWY SW,Sylvan Hills,33.702702,-84.408608,13121,Fulton
203390659,2020,12/4/2020,Friday,507 JOSEPH E. LOWERY BLVD NW,English Avenue,33.768543,-84.417143,13121,Fulton
203390236,2020,12/4/2020,Friday,3640 CAMPBELLTON RD SW,,33.689169,-84.507963,13121,Fulton
203400787,2020,12/5/2020,Saturday,183 MT ZION RD SE,Glenrose Heights,33.672179,-84.387573,13121,Fulton
203410060,2020,12/5/2020,Saturday,2805 MACON DR SE,Glenrose Heights,33.679404,-84.388083,13121,Fulton
203400501,2020,12/5/2020,Saturday,3032 WANDA CIR SW,Hammond Park,33.673414,-84.412363,13121,Fulton
203400795,2020,12/5/2020,Saturday,864 YORK AVE SW,West End,33.73705,-84.416033,13121,Fulton
203411443,2020,12/6/2020,Sunday,655 HIGHLAND AVE NE,Old Fourth Ward,33.761044,-84.365952,13121,Fulton
203411796,2020,12/6/2020,Sunday,656 PRYOR ST SW,Mechanicsville,33.736978,-84.394491,13121,Fulton
203421644,2020,12/7/2020,Monday,357 EDGEWOOD AVE SE,Sweet Auburn,33.754201,-84.37595,13121,Fulton
203420523,2020,12/7/2020,Monday,265 PEACHTREE CENTER AVE NE,Downtown,33.761595,-84.38558,13121,Fulton
203421095,2020,12/7/2020,Monday,12 BROAD ST SW,Downtown,33.75445,-84.391383,13121,Fulton
203420087,2020,12/7/2020,Monday,1220 MECASLIN ST NW,Home Park,33.78853,-84.400276,13121,Fulton
203440007,2020,12/8/2020,Tuesday,373 LEGACY DR SW,Harris Chiles,33.743849,-84.419523,13121,Fulton
203440151,2020,12/8/2020,Tuesday,195 FAIRBURN RD NW,Adamsville,33.761069,-84.504255,13121,Fulton
203450391,2020,12/9/2020,Wednesday,3556 EMPIRE BLVD SW,Glenrose Heights,33.657158,-84.390937,13121,Fulton
203450111,2020,12/10/2020,Thursday,360 THOMASVILLE BLVD SE,Thomasville Heights,33.705675,-84.357121,13121,Fulton
203450056,2020,12/10/2020,Thursday,2524 M.L.K. JR DR SW,Harland Terrace,33.751499,-84.470668,13121,Fulton
203470060,2020,12/12/2020,Saturday,2800 M.L.K. JR DR SW,Harland Terrace,33.754168,-84.478745,13121,Fulton
203480307,2020,12/13/2020,Sunday,2284 CHESHIRE BRIDGE RD NE,Lindridge/Martin Manor,33.817488,-84.352555,13121,Fulton
203480659,2020,12/13/2020,Sunday,433 HIGHLAND AVE NE,Old Fourth Ward,33.761219,-84.373795,13121,Fulton
203481559,2020,12/13/2020,Sunday,3232 PEACHTREE RD NE,Buckhead Forest,33.844121,-84.374043,13121,Fulton
203480632,2020,12/13/2020,Sunday,2006 CONRAD AVE SE,Lakewood Heights,33.699442,-84.38133,13121,Fulton
203480294,2020,12/13/2020,Sunday,1050 HOWELL MILL RD,Home Park,33.78318,-84.413204,13121,Fulton
203480400,2020,12/13/2020,Sunday,1783 JOHNSON RD NW,Rockdale,33.785624,-84.444794,13121,Fulton
203491274,2020,12/14/2020,Monday,1600 PRYOR RD SW,The Villages at Carver,33.7104,-84.393052,13121,Fulton
203501405,2020,12/15/2020,Tuesday,765 MCDANIEL ST SW,Pittsburgh,33.733026,-84.402493,13121,Fulton
203500456,2020,12/15/2020,Tuesday,3594 ROU ROYAL AVE SW,Rue Royal,33.684967,-84.506017,13121,Fulton
203510571,2020,12/16/2020,Wednesday,3004 PIEDMONT RD NE,Garden Hills,33.836599,-84.368642,13121,Fulton
203521964,2020,12/17/2020,Thursday,1080 W PEACHTREE ST NW,Midtown,33.784687,-84.388245,13121,Fulton
203521674,2020,12/17/2020,Thursday,2865 HAPEVILLE RD SW,Glenrose Heights,33.67651,-84.393667,13121,Fulton
203530523,2020,12/18/2020,Friday,1099 BOULEVARD SE,Chosewood Park,33.724388,-84.368714,13121,Fulton
203530371,2020,12/18/2020,Friday,2020 HOWELL MILL RD NW,Wildwood (NPU-C),33.810225,-84.414561,13121,Fulton
203561282,2020,12/19/2020,Saturday,1099 BOULEVARD SE,Chosewood Park,33.724388,-84.368714,13121,Fulton
203610980,2020,12/19/2020,Saturday,114 MERRITTS AVE NW,Downtown,33.768616,-84.392945,13121,Fulton
203541427,2020,12/19/2020,Saturday,878 RALPH DAVID ABERNULLTHY BLVD,West End,33.737802,-84.416524,13121,Fulton
203540269,2020,12/19/2020,Saturday,33 SPRING LN NW,West Lake,33.756272,-84.438826,13121,Fulton
203561481,2020,12/21/2020,Monday,171 AUBURN AVE NE,Downtown,33.755417,-84.381587,13121,Fulton
203561278,2020,12/21/2020,Monday,50 ALABAMA ST SW,Downtown,33.751869,-84.389642,13121,Fulton
203560192,2020,12/21/2020,Monday,1720 MARIETTA BLVD NW,Hills Park,33.801575,-84.436795,13121,Fulton
203571712,2020,12/22/2020,Tuesday,1038 WASHINGTON ST SW,Peoplestown,33.726375,-84.39065,13121,Fulton
203590077,2020,12/24/2020,Thursday,261 WALKER ST SW,Castleberry Hill,33.747608,-84.40317,13121,Fulton
203590261,2020,12/24/2020,Thursday,1720 MARIETTA BLVD NW,Hills Park,33.801575,-84.436795,13121,Fulton
203590735,2020,12/24/2020,Thursday,3030 HEADLAND DR SW,Greenbriar,33.687401,-84.487802,13121,Fulton
203600854,2020,12/25/2020,Friday,150 WALTON ST NW,Downtown,33.758197,-84.392799,13121,Fulton
203600603,2020,12/25/2020,Friday,1550 MELROSE DR SW,Sylvan Hills,33.712741,-84.422211,13121,Fulton
203611370,2020,12/26/2020,Saturday,2625 PIEDMONT RD NE,Lindbergh/Morosgo,33.827401,-84.365706,13121,Fulton
203611264,2020,12/26/2020,Saturday,272 MARTIN ST SE,Capitol Gateway,33.7472,-84.383844,13121,Fulton
203620717,2020,12/27/2020,Sunday,18 WILLIAM HOLMES BORDERS SENIOR DR NE,Sweet Auburn,33.754799,-84.375737,13121,Fulton
203620342,2020,12/27/2020,Sunday,295 PONCE DE LEON AVE NE,Midtown,33.772183,-84.378086,13121,Fulton
203621447,2020,12/27/2020,Sunday,717 LEE ST SW,West End,33.735025,-84.414928,13121,Fulton
203621304,2020,12/27/2020,Sunday,906 RALPH DAVID ABERNULLTHY BLVD SW,West End,33.737715,-84.417386,13121,Fulton
203621546,2020,12/27/2020,Sunday,3032 STONE HOGAN CONN SW,Greenbriar,33.672903,-84.496224,13121,Fulton
203640923,2020,12/29/2020,Tuesday,241 FORSYTH ST SW,Downtown,33.748302,-84.397306,13121,Fulton
203650149,2020,12/30/2020,Wednesday,255 COURTLAND ST NE,Downtown,33.761546,-84.383562,13121,Fulton
203651052,2020,12/30/2020,Wednesday,360 WOODSTOCK DR SW,Baker Hills,33.760786,-84.514538,13121,Fulton
203660299,2020,12/31/2020,Thursday,1054 RIDGE AVE SW,Peoplestown,33.726336,-84.391717,13121,Fulton
203661583,2020,12/31/2020,Thursday,227 PEACHTREE ST SW,Downtown,33.748423,-84.395233,13121,Fulton
